page_url,link_text,pdf_url
https://www.pucnotes-solutions.com/1st-puc-statistics,Model Paper-1,https://drive.google.com/file/d/18URP4toXCSrepwNnAgnoCefPNmhFn9gX/view?usp=sharing
https://www.pucnotes-solutions.com/1st-puc-statistics,Model Paper-4,https://drive.google.com/file/d/18YfgD69SbSiIMURuiVyIf6Y-4SSzMdAD/view?usp=sharing
https://www.pucnotes-solutions.com/1st-puc-statistics,Model Paper-7,https://drive.google.com/file/d/1o3KCiC0TcRcQl9u7VjLvbAf60ENLChYs/view?usp=sharing
https://www.pucnotes-solutions.com/1st-puc-statistics,Model Paper-2,https://drive.google.com/file/d/10Y2iyBO7VqSWfjK81YbHxvvzZb6g1YP7/view?usp=sharing
https://www.pucnotes-solutions.com/1st-puc-statistics,Model Paper-5,https://drive.google.com/file/d/1C21cQDF41zyRGCcFkNbClzqa4Uz17ohv/view?usp=sharing
https://www.pucnotes-solutions.com/1st-puc-statistics,Model Paper-8,https://drive.google.com/file/d/1TzZHypXJ3s0PSXqolklBEESoV0GmMbFb/view?usp=sharing
https://www.pucnotes-solutions.com/1st-puc-statistics,Model Paper-3,https://drive.google.com/file/d/1uuHwU7k4INnXMST0niqaZgiaCXIZ3qYZ/view?usp=sharing
https://www.pucnotes-solutions.com/1st-puc-statistics,Model Paper-6,https://drive.google.com/file/d/1gY3Fhh8TjoZURN92XScKQ8s6tS8M9i3W/view?usp=sharing
https://www.pucnotes-solutions.com/1st-puc-statistics,Model Paper-9,https://drive.google.com/file/d/1vf9AgWBW6lB9KPBfOK-kD-x6nJ0igptb/view?usp=sharing
https://www.pucnotes-solutions.com/1st-puc-statistics,Model Paper-10,https://drive.google.com/file/d/1XU2NvF07uLKwYU4D-xfY7-r0n_Y3zJbO/view?usp=sharing
https://www.pucnotes-solutions.com/1st-puc-statistics,Questions,https://drive.google.com/file/d/1oSDC-RTTZI_I70Hf338OjVuASdTy07Co/view?usp=sharing
https://www.pucnotes-solutions.com/2nd-puc-physics,Model Paper-1,https://drive.google.com/file/d/1Q56UsnjhTHx1dAqRUPZlfwu1CZ5vgKmr/view?usp=sharing
https://www.pucnotes-solutions.com/2nd-puc-physics,Model Paper-4,https://drive.google.com/file/d/1acdwEtOUu2dIKC4ONYPoHvHysn3O7yth/view?usp=sharing
https://www.pucnotes-solutions.com/2nd-puc-physics,Model Paper-7,https://drive.google.com/file/d/1i04xJDG7DJOuLq1ahhoqL5KC4thr2P0G/view?usp=sharing
https://www.pucnotes-solutions.com/2nd-puc-physics,Model Paper-2,https://drive.google.com/file/d/1LilXoOlCmY11ljknIAF7OiSyQE4n2zzc/view?usp=sharing
https://www.pucnotes-solutions.com/2nd-puc-physics,Model Paper-5,https://drive.google.com/file/d/1IhWPoR-QglJkWqeEc5Vk9jcRcHu3K-65/view?usp=sharing
https://www.pucnotes-solutions.com/2nd-puc-physics,Model Paper-8,https://drive.google.com/file/d/1G5yfEtWsUfYvZeNbWuxNjXwxPS-JhWGF/view?usp=sharing
https://www.pucnotes-solutions.com/2nd-puc-physics,Model Paper-3,https://drive.google.com/file/d/1KTG_vawd8BerbzAB2SDbcMDIYXQ6ov71/view?usp=sharing
https://www.pucnotes-solutions.com/2nd-puc-physics,Model Paper-6,https://drive.google.com/file/d/1yjrSJT-OjavgUeR93FKXm2NfcUH5vacl/view?usp=sharing
https://www.pucnotes-solutions.com/2nd-puc-physics,Model Paper-9,https://drive.google.com/file/d/1IVc1XvnfgCBgrakZpyolAf9wiGrmly_1/view?usp=sharing
https://www.pucnotes-solutions.com/2nd-puc-physics,Model Paper-10,https://drive.google.com/file/d/1SapxUOTWjuNcQDuY3BkLP29UZVasy_-C/view?usp=sharing
https://www.pucnotes-solutions.com/2nd-puc-physics,2022 question paper,https://drive.google.com/file/d/1VY91L8hxj4SKkr_66Av7Uj3wwHNLtk2f/view?usp=sharing
https://www.pucnotes-solutions.com/2nd-puc-physics,2020 question paper,https://drive.google.com/file/d/10ZgqYrnf8NUeEG1dgPVRFVHq1wjkkhcD/view?usp=sharing
https://www.pucnotes-solutions.com/2nd-puc-physics,2019 question paper,https://drive.google.com/file/d/1uCuCZ0jZ2VJZeY3vBFo3XbecJUmkbR3-/view?usp=sharing
https://www.pucnotes-solutions.com/2nd-puc-physics,2018 question paper,https://drive.google.com/file/d/1cJSa1D2peiXsuWeUkcb5NFarPVMScPiT/view?usp=sharing
https://www.pucnotes-solutions.com/2nd-puc-physics,2017 question paper,https://drive.google.com/file/d/1cNb5SE_g485tPkuVYDqgGDACrdXS647E/view?usp=sharing
https://www.pucnotes-solutions.com/2nd-puc-physics,2016 question paper,https://drive.google.com/file/d/1cNb5SE_g485tPkuVYDqgGDACrdXS647E/view?usp=sharing
https://www.pucnotes-solutions.com/2nd-puc-physics,2015 question paper,https://drive.google.com/file/d/1UYUI_iQ__oMHgDnwqi8yK6yKCd6BQ7aB/view?usp=sharing
https://www.pucnotes-solutions.com/2nd-puc-physics,Solved paper-2015,https://drive.google.com/file/d/1fnWXjA5-Q6ZUuX_9IF_vzqNGVhtXCEqg/view?usp=sharing
https://www.pucnotes-solutions.com/2nd-puc-physics,Solved paper-2018,https://drive.google.com/file/d/1POpeRv--WrKDud761KWXB4jnhcO7kifC/view?usp=sharing
https://www.pucnotes-solutions.com/2nd-puc-physics,Solved paper-2016,https://drive.google.com/file/d/1d26b5lb-i0reRQhsT3a5rx-08bdp6X2D/view?usp=sharing
https://www.pucnotes-solutions.com/2nd-puc-physics,Solved paper-2019,https://drive.google.com/file/d/1qdUiJwgq6LXxHaNriOqGYdr0LaIqcv5q/view?usp=sharing
https://www.pucnotes-solutions.com/2nd-puc-physics,Solved paper-2017,https://drive.google.com/file/d/10IOciFFKTdmx9Hol9UwUe7GL6rj3lV3A/view?usp=sharing
https://www.pucnotes-solutions.com/2nd-puc-physics,Solved paper-2020,https://drive.google.com/file/d/1haw-nLjaK7_Aj-GvUlDWJuCgsWddAtpL/view?usp=sharing
https://www.pucnotes-solutions.com/2nd-puc-physics,Questions,https://drive.google.com/file/d/1JS3vNCkXYFJF_tlsNz93QBCn_-mcpTxy/view?usp=sharing
https://www.pucnotes-solutions.com/2nd-puc-physics,Midterm Paper 1,https://drive.google.com/file/d/1JGBV_4ds4Eb3ftDduDD_bJEFoanzXafY/view?usp=sharing
https://www.pucnotes-solutions.com/1st-pu-notes-economics,Chapter-01,https://drive.google.com/file/d/1GjDQIw7ZBvy81pLhVavtKUbhBUPD6W6c/view?usp=sharing
https://www.pucnotes-solutions.com/1st-pu-notes-economics,Chapter-02,https://drive.google.com/file/d/1Gk_kHKm04VkRwUwkLB_xB52wk7AM4axR/view?usp=sharing
https://www.pucnotes-solutions.com/1st-pu-notes-economics,Chapter-03,https://drive.google.com/file/d/1GoFy_81PDzSm3ybtD0qspzdGczu79Nvt/view?usp=sharing
https://www.pucnotes-solutions.com/1st-pu-notes-economics,Chapter-04,https://drive.google.com/file/d/1Gp1eq14zwiDJzAol9KZdJ0JUIlbVYlKX/view?usp=sharing
https://www.pucnotes-solutions.com/1st-pu-notes-economics,Chapter-05,https://drive.google.com/file/d/1H4dzRjG63oeFNmr40o8i3VWT74NEad6p/view?usp=sharing
https://www.pucnotes-solutions.com/1st-pu-notes-economics,Chapter-06,https://drive.google.com/file/d/1H94r8QRLpJJkeb68TPvcwpqi_f9uqmYb/view?usp=sharing
https://www.pucnotes-solutions.com/1st-pu-notes-economics,Chapter-07,https://drive.google.com/file/d/1HIbe3LlyXL8xlW6_vhk2B796TlelFcf-/view?usp=sharing
https://www.pucnotes-solutions.com/1st-pu-notes-economics,Chapter-08,https://drive.google.com/file/d/1HIl0XzdqYvqNimHgetuHzJc39Hsyh1Y3/view?usp=sharing
https://www.pucnotes-solutions.com/1st-pu-notes-economics,Chapter-09,https://drive.google.com/file/d/1HKPo9l3qKNjzamwJPRZeOYGSVqKvuy20/view?usp=sharing
https://www.pucnotes-solutions.com/1st-pu-notes-economics,Chapter-01,https://drive.google.com/file/d/1HMw4W7FLId8_bOpP146GIfhO4QOqrzQh/view?usp=sharing
https://www.pucnotes-solutions.com/1st-pu-notes-economics,Chapter-02,https://drive.google.com/file/d/1HP1BnC1Eam-tx-bv3XDSojG-l8djQXB-/view?usp=sharing
https://www.pucnotes-solutions.com/1st-pu-notes-economics,Chapter-03,https://drive.google.com/file/d/1HV_1gcysWjxMsktl4SPNkG4wYTh0wPVH/view?usp=sharing
https://www.pucnotes-solutions.com/1st-pu-notes-economics,Chapter-04,https://drive.google.com/file/d/1HVadYCDuxYSxwpoiUZ_h4A8PWQsBQu8J/view?usp=sharing
https://www.pucnotes-solutions.com/1st-pu-notes-economics,Chapter-05,https://drive.google.com/file/d/1HViPLiOZbdPcOYbfI7BJRTKhMFrG3jc-/view?usp=sharing
https://www.pucnotes-solutions.com/1st-pu-notes-economics,Chapter-06,https://drive.google.com/file/d/1HaMyIJ4dDjs2F5WXEAzBGTEKnULMYAZ1/view?usp=sharing
https://www.pucnotes-solutions.com/1st-pu-notes-economics,Chapter-07,https://drive.google.com/file/d/1HeTdHbMX1x1tuYxny6L2J4DKSxxhrH7j/view?usp=sharing
https://www.pucnotes-solutions.com/1st-pu-notes-economics,Chapter-08,https://drive.google.com/file/d/1Hl32yCzHSCqxvmcpT5tCkYgw-Oa4uRKh/view?usp=sharing
https://www.pucnotes-solutions.com/1st-pu-notes-economics,Chapter-09,https://drive.google.com/file/d/1Hqq_D_dw97gJml-5BVgV71qIiMiC_nSu/view?usp=sharing
https://www.pucnotes-solutions.com/1st-pu-notes-economics,Chapter-10,https://drive.google.com/file/d/1HurvCBbABRTS7NQ9zdV9UxASp8zCTNN1/view?usp=sharing
https://www.pucnotes-solutions.com/1st-puc-physics,Model Paper-1,https://drive.google.com/file/d/1Nl92KIE9eGW7TdJo0jiopf_6hh8IRb74/view?usp=sharing
https://www.pucnotes-solutions.com/1st-puc-physics,Model Paper-4,https://drive.google.com/file/d/1UEvh88WGlorHxsEjncZaP3Z9VQNtMVIb/view?usp=sharing
https://www.pucnotes-solutions.com/1st-puc-physics,Model Paper-7,https://drive.google.com/file/d/1HHkpLxTKraHC41CoK0zHS9UPuPwltqa2/view?usp=sharing
https://www.pucnotes-solutions.com/1st-puc-physics,Model Paper-2,https://drive.google.com/file/d/1rlZiWIxZ6jEANv2jXQcYDo9DkpRUArTx/view?usp=sharing
https://www.pucnotes-solutions.com/1st-puc-physics,Model Paper-5,https://drive.google.com/file/d/10G0bGkjK4UaSbV3sZFUEilxEerV5Kkro/view?usp=sharing
https://www.pucnotes-solutions.com/1st-puc-physics,Model Paper-8,https://drive.google.com/file/d/1u6-dVzO1_ObBSMZgH_LkJ15G57u5gr1g/view?usp=sharing
https://www.pucnotes-solutions.com/1st-puc-physics,Model Paper-3,https://drive.google.com/file/d/1UMqIjhwWXr7ishpK6YswyZn6aQfVoSDA/view?usp=sharing
https://www.pucnotes-solutions.com/1st-puc-physics,Model Paper-6,https://drive.google.com/file/d/1S93erlXKziQTckQI-2hKqqUJq2uORWTL/view?usp=sharing
https://www.pucnotes-solutions.com/1st-puc-physics,Model Paper-9,https://drive.google.com/file/d/1o_1ug274Opf5dt8Vhgh9kjLXkAfmZxiL/view?usp=sharing
https://www.pucnotes-solutions.com/1st-puc-physics,Model Paper-10,https://drive.google.com/file/d/1bk9kLkj5n6qZzG3UCV5DcMAy0sE-Rco7/view?usp=sharing
https://www.pucnotes-solutions.com/1st-puc-physics,Questions,https://drive.google.com/file/d/1We7HFV_TETiuNnFRkK3lDobJXPIydepk/view?usp=sharing
https://www.pucnotes-solutions.com/1st-puc-physics,Midterm Paper 1,https://drive.google.com/file/d/1-LO2t5GPPsp-tKG7bpZ-EFr1fsw7EEl9/view?usp=sharing
https://www.pucnotes-solutions.com/1st-puc-physics,Midterm Paper 2,https://drive.google.com/file/d/191ZISbK6gsE9VOdMYHdSXHGGn79clczf/view?usp=sharing
https://www.pucnotes-solutions.com/1stpuctextbookdownload,Physics part1,https://pue.karnataka.gov.in/storage/pdf-files/12tbn.pdf
https://www.pucnotes-solutions.com/1stpuctextbookdownload,Physics part2,https://pue.karnataka.gov.in/storage/pdf-files/13tbn.pdf
https://www.pucnotes-solutions.com/1stpuctextbookdownload,Chemistry part1,https://pue.karnataka.gov.in/storage/pdf-files/5tbn.pdf
https://www.pucnotes-solutions.com/1stpuctextbookdownload,Chemistry part2,https://pue.karnataka.gov.in/storage/pdf-files/6tbn.pdf
https://www.pucnotes-solutions.com/1stpuctextbookdownload,Mathematics,https://pue.karnataka.gov.in/storage/pdf-files/11tbn.pdf
https://www.pucnotes-solutions.com/1stpuctextbookdownload,Biology,https://pue.karnataka.gov.in/storage/pdf-files/2tbn.pdf
https://www.pucnotes-solutions.com/1stpuctextbookdownload,Computer Science,https://drive.google.com/file/d/1fRA1ctikP9Rjhwgmu2A3cUQSF8BljN18/view?usp=drivesdk
https://www.pucnotes-solutions.com/1stpuctextbookdownload,Accountancy part1,https://drive.google.com/file/d/1K8DFV6W6voW-tb3ZvGOmPi8qBEvWAdvU/view
https://www.pucnotes-solutions.com/1stpuctextbookdownload,Accountancy part1,https://drive.google.com/file/d/1jcx-R8jp1mt9PpdgmkguI0ZIlfsd91Xp/view
https://www.pucnotes-solutions.com/1stpuctextbookdownload,Business studies,https://pue.karnataka.gov.in/storage/pdf-files/3tbn.pdf
https://www.pucnotes-solutions.com/1stpuctextbookdownload,Economics part1,https://pue.karnataka.gov.in/storage/pdf-files/8tbn.pdf
https://www.pucnotes-solutions.com/1stpuctextbookdownload,Economics part2,https://pue.karnataka.gov.in/storage/pdf-files/17l.pdf
https://www.pucnotes-solutions.com/1stpuctextbookdownload,Statistics,https://pue.karnataka.gov.in/storage/pdf-files/18tbn.pdf
https://www.pucnotes-solutions.com/1stpuctextbookdownload,Computer science,https://drive.google.com/file/d/1fRA1ctikP9Rjhwgmu2A3cUQSF8BljN18/view?usp=drivesdk
https://www.pucnotes-solutions.com/1stpuctextbookdownload,English,https://drive.google.com/file/d/0B5WLdFVMntmtVGF2dTNLU1hmb0U/view
https://www.pucnotes-solutions.com/1stpuctextbookdownload,Hindi,https://pue.karnataka.gov.in/storage/pdf-files/7tbn.pdf
https://www.pucnotes-solutions.com/1stpuctextbookdownload,Kannada,https://pue.karnataka.gov.in/storage/pdf-files/9tbn.pdf
https://www.pucnotes-solutions.com/kcet-pattern,Physics,https://drive.google.com/file/d/1-crCWAnMBDSU-_aSdmoiq6o7xKM-fDcM/view?usp=sharing
https://www.pucnotes-solutions.com/kcet-pattern,Chemistry,https://drive.google.com/file/d/1-hUNR6QLL52q9tcsm2wSVmPrm2AYT_1d/view?usp=sharing
https://www.pucnotes-solutions.com/kcet-pattern,Mathematics,https://drive.google.com/file/d/1-hus_yINKBrdFb8AJ3s552WeRytsRLJ9/view?usp=sharing
https://www.pucnotes-solutions.com/1st-puc-mathematics,Model Paper-1,https://drive.google.com/file/d/1hwEEXOX271hj1uYvxPZAAAlCB07dLBIa/view?usp=sharing
https://www.pucnotes-solutions.com/1st-puc-mathematics,Model Paper-4,https://drive.google.com/file/d/1qNzzjI7zXe8mcYRnoNsSVuOcNB1vWvhw/view?usp=sharing
https://www.pucnotes-solutions.com/1st-puc-mathematics,Model Paper-7,https://drive.google.com/file/d/16UguEQaohGfVhbV3p-RPYo-ATR0CinmC/view?usp=sharing
https://www.pucnotes-solutions.com/1st-puc-mathematics,Model Paper-2,https://drive.google.com/file/d/1MESNviThfGKscWDN1HUPRwzkE8xe-uqi/view?usp=sharing
https://www.pucnotes-solutions.com/1st-puc-mathematics,Model Paper-5,https://drive.google.com/file/d/1Kf44yBETBg_QKK0kFmXjYx6kdaOU3PQt/view?usp=sharing
https://www.pucnotes-solutions.com/1st-puc-mathematics,Model Paper-8,https://drive.google.com/file/d/1sWM1SVvSDhOiTLf_aLyCA1Lzzch0lRc4/view?usp=sharing
https://www.pucnotes-solutions.com/1st-puc-mathematics,Model Paper-3,https://drive.google.com/file/d/1rAzaiPSx9TeJmu6GgUPu2c7Jxn5J_0pb/view?usp=sharing
https://www.pucnotes-solutions.com/1st-puc-mathematics,Model Paper-6,https://drive.google.com/file/d/1aQnl7Fm5q_QN1J_dlOj2ZBaYa2FLrlfA/view?usp=sharing
https://www.pucnotes-solutions.com/1st-puc-mathematics,Model Paper-9,https://drive.google.com/file/d/1rahG8hN3XVGB9onL4khxBNhUQuSkMwiQ/view?usp=sharing
https://www.pucnotes-solutions.com/1st-puc-mathematics,Model Paper-10,https://drive.google.com/file/d/1DOxADiFm5VLwhR7MXVZ_-6VpPojToTfh/view?usp=sharing
https://www.pucnotes-solutions.com/1st-puc-mathematics,2020 question paper,https://drive.google.com/file/d/1oKrXshomCUPak2udn7PWjxPLiMU0Ygb9/view?usp=sharing
https://www.pucnotes-solutions.com/1st-puc-mathematics,Questions,https://drive.google.com/file/d/1E6xgsR0YMPHXdi8i9H3QvKWx-ZlWeZuO/view?usp=sharing
https://www.pucnotes-solutions.com/1st-puc-mathematics,Midterm Paper 1,https://drive.google.com/file/d/1E7G1pE-QmSIYCZLqRztQuUuJA2RMVaVV/view?usp=sharing
https://www.pucnotes-solutions.com/1st-puc-mathematics,Midterm Paper 2,https://drive.google.com/file/d/1Ghjl-V45pF0sufgNTiAASme4zH0pDsF8/view?usp=sharing
https://www.pucnotes-solutions.com/2nd-puc-computer-science,Model Paper-1,https://drive.google.com/file/d/1iV8_jSe_V8LdAMzomEyHtJ0zvB95MIal/view?usp=sharing
https://www.pucnotes-solutions.com/2nd-puc-computer-science,Model Paper-4,https://drive.google.com/file/d/10rsyFB65MQroTb2tMkYUmlrjuR84Civ3/view?usp=sharing
https://www.pucnotes-solutions.com/2nd-puc-computer-science,Model Paper-7,https://drive.google.com/file/d/1G6M2SGCVyPDhrDyA9Nzsauy1Gg7Q_OtL/view?usp=sharing
https://www.pucnotes-solutions.com/2nd-puc-computer-science,Model Paper-2,https://drive.google.com/file/d/1Nqaf0nHkORUCkTOYD0pQ6sHhuBRSRX74/view?usp=sharing
https://www.pucnotes-solutions.com/2nd-puc-computer-science,Model Paper-5,https://drive.google.com/file/d/1Rnd0C-64iBOUNLjvlQe0aqKM0r9TQSom/view?usp=sharing
https://www.pucnotes-solutions.com/2nd-puc-computer-science,Model Paper-8,https://drive.google.com/file/d/1WVxA6G3nO9ia4p8capRs9lf-IdU3HEgW/view?usp=sharing
https://www.pucnotes-solutions.com/2nd-puc-computer-science,Model Paper-3,https://drive.google.com/file/d/1M8JW8ktW_JkX3oKV-6tUCM3twNHMnMj1/view?usp=sharing
https://www.pucnotes-solutions.com/2nd-puc-computer-science,Model Paper-6,https://drive.google.com/file/d/1J0Po_9p5OxixvCdLSr0BFjaQe9uC3Has/view?usp=sharing
https://www.pucnotes-solutions.com/2nd-puc-computer-science,Model Paper-9,https://drive.google.com/file/d/13TkdFTKR038hxdQXv9v3yqc4Nzd0gbyp/view?usp=sharing
https://www.pucnotes-solutions.com/2nd-puc-computer-science,Model Paper-10,https://drive.google.com/file/d/1m91jrxI20UQDNfRbL5dY7-AHO4DcArKs/view?usp=sharing
https://www.pucnotes-solutions.com/2nd-puc-computer-science,Questions,https://drive.google.com/file/d/1QoaA0876RJphUaNJvIrQ160DHOmuDnRs/view?usp=sharing
https://www.pucnotes-solutions.com/2nd-puc-computer-science,Midterm Paper 1,https://drive.google.com/file/d/1gfgKMfdOqdEWjOpA0oVUfP9LRyea0JiD/view?usp=sharing
https://www.pucnotes-solutions.com/2nd-pu-notes-computer-science,Chapter-01,https://drive.google.com/file/d/1jQ5dJjsMgkOwZk46eSHoxPx-onR62S-1/view?usp=sharing
https://www.pucnotes-solutions.com/2nd-pu-notes-computer-science,Chapter-02,https://drive.google.com/file/d/1jiAzCEJ-6tAZg7AO_0rTgIRiukqqCdSw/view?usp=sharing
https://www.pucnotes-solutions.com/2nd-pu-notes-computer-science,Chapter-03,https://drive.google.com/file/d/1jj1yDLLv8VhrGrPN4UZvi908_5nItrLW/view?usp=sharing
https://www.pucnotes-solutions.com/2nd-pu-notes-computer-science,Chapter-04,https://drive.google.com/file/d/1jjVDACxHg5esahJYKugu9CYsgK4WE12-/view?usp=sharing
https://www.pucnotes-solutions.com/2nd-pu-notes-computer-science,Chapter-05,https://drive.google.com/file/d/1k83c0aTXL8pohy7V4xXlp63S7nPd8-8a/view?usp=sharing
https://www.pucnotes-solutions.com/2nd-pu-notes-computer-science,Chapter-06,https://drive.google.com/file/d/1juFn7OC5kMrdSvtN83JCqrrg5d99pDZv/view?usp=sharing
https://www.pucnotes-solutions.com/2nd-pu-notes-computer-science,Chapter-07,https://drive.google.com/file/d/1k--vcjcehp-HUt4fhWTP8ylUlsGNltCt/view?usp=sharing
https://www.pucnotes-solutions.com/2nd-pu-notes-computer-science,Chapter-08,https://drive.google.com/file/d/1k1JpdMGCoZo_Ap2txuMDEZa_X-Dq17AD/view?usp=sharing
https://www.pucnotes-solutions.com/2nd-pu-notes-computer-science,Chapter-09,https://drive.google.com/file/d/1k7EUa6ldSW1j1ubvdXkSJRxlglChhtoc/view?usp=sharing
https://www.pucnotes-solutions.com/2nd-pu-notes-computer-science,Chapter-10,https://drive.google.com/file/d/1jTK2TpaTMjowRBlV5M4i6BfMH7sB5qNG/view?usp=sharing
https://www.pucnotes-solutions.com/2nd-pu-notes-computer-science,Chapter-11,https://drive.google.com/file/d/1jUzeAkai_jpYYDHXoKmSK0XcWdBAF9g9/view?usp=sharing
https://www.pucnotes-solutions.com/2nd-pu-notes-computer-science,Chapter-12,https://drive.google.com/file/d/1jVfEcYvC6ZnXyB5Ei1FlUHl_iUUYt8Qf/view?usp=sharing
https://www.pucnotes-solutions.com/2nd-pu-notes-computer-science,Chapter-13,https://drive.google.com/file/d/1jYpknI07DDFwAhlMD6GLUQTmTa23qnDy/view?usp=sharing
https://www.pucnotes-solutions.com/2nd-pu-notes-computer-science,Chapter-14,https://drive.google.com/file/d/1jZAlTn7nkqkIthleGIBz2bsofG2swLXr/view?usp=sharing
https://www.pucnotes-solutions.com/2nd-pu-notes-computer-science,Chapter-15,https://drive.google.com/file/d/1j_SEtUR3vTzG4B5WepbyDPhdHapDYK7I/view?usp=sharing
https://www.pucnotes-solutions.com/2nd-pu-notes-computer-science,Chapter-16,https://drive.google.com/file/d/1jfT9IfCOVYVHM3jFbWvzitupZY_VUWaS/view?usp=sharing
https://www.pucnotes-solutions.com/2nd-pu-notes-computer-science,Chapter-17,https://drive.google.com/file/d/1jga8qIYFEEP_zuDkf671UJ6VZcWP1pkx/view?usp=sharing
https://www.pucnotes-solutions.com/1st-pu-notes-kannada,Chapter-01,https://drive.google.com/file/d/1S8Xs4GfbmXdI29x4YGcKO-g5c1RLlwBx/view?usp=sharing
https://www.pucnotes-solutions.com/1st-pu-notes-kannada,Chapter-02,https://drive.google.com/file/d/1GpLeHNWVF9bFxeBHpeW4BB2KfoKToa1y/view?usp=sharing
https://www.pucnotes-solutions.com/1st-pu-notes-kannada,Chapter-03,https://drive.google.com/file/d/1eo2A1ZtT9yEMCWpvVBSA7lt6qZmxvE0T/view?usp=sharing
https://www.pucnotes-solutions.com/1st-pu-notes-kannada,Chapter-04,https://drive.google.com/file/d/1CMKklLTD0OoNzVixI4C-u1fth1_SJ-y4/view?usp=sharing
https://www.pucnotes-solutions.com/1st-pu-notes-kannada,Chapter-05,https://drive.google.com/file/d/1AEwNhSbh5TR9iKcZWaHsGaYJJsKZlaOA/view?usp=sharing
https://www.pucnotes-solutions.com/1st-pu-notes-kannada,Chapter-06,https://drive.google.com/file/d/1aRGLnmYJG1JSUCEpj9nEajJez3nK-zjS/view?usp=sharing
https://www.pucnotes-solutions.com/1st-pu-notes-kannada,Chapter-07,https://drive.google.com/file/d/1S9c6RbHEWc1CnzqxuUANVniAKuNUVYvH/view?usp=sharing
https://www.pucnotes-solutions.com/1st-pu-notes-kannada,Chapter-08,https://drive.google.com/file/d/1xuWP17qwp4sl4s-oGM0v97CH3TDPIJWA/view?usp=sharing
https://www.pucnotes-solutions.com/1st-pu-notes-kannada,Chapter-09,https://drive.google.com/file/d/1oORu06P4yFbEZBx7W3hf6cDjwc-lQhKs/view?usp=sharing
https://www.pucnotes-solutions.com/1st-pu-notes-kannada,Chapter-10,https://drive.google.com/file/d/1djNTFRlhTh_AwSyOa9ZuB5A5omqUNpnY/view?usp=sharing
https://www.pucnotes-solutions.com/1st-pu-notes-kannada,Chapter-11,https://drive.google.com/file/d/1s5Tin-GpRGSltFEZEy-kASR1A6aQ7WUD/view?usp=sharing
https://www.pucnotes-solutions.com/1st-pu-notes-kannada,Chapter-12,https://drive.google.com/file/d/1rzrEYCT_48tnpGn6UwsfVB8PO6h60Ex_/view?usp=sharing
https://www.pucnotes-solutions.com/1st-pu-notes-kannada,Chapter-13,https://drive.google.com/file/d/1nhliscf903h6W9plbxUgvuiiG6n5-qdJ/view?usp=sharing
https://www.pucnotes-solutions.com/1st-pu-notes-kannada,Chapter-14,https://drive.google.com/file/d/1Az2lPSuAZrJ6eulgBbRYk8xzjPfgVzSY/view?usp=sharing
https://www.pucnotes-solutions.com/1st-pu-notes-kannada,Chapter-15,https://drive.google.com/file/d/1Yu6NWo1dWBtGwc1sSMggs6R3Ip72MyjF/view?usp=sharing
https://www.pucnotes-solutions.com/1st-pu-notes-kannada,Chapter-16,https://drive.google.com/file/d/1QQnF2dyQYLlktCScfSQss0Jwx9EgrcFe/view?usp=sharing
https://www.pucnotes-solutions.com/1st-pu-notes-kannada,Chapter-17,https://drive.google.com/file/d/1NR8H6eZR0ogK9EwEKMe28Gb7z_WrAsws/view?usp=sharing
https://www.pucnotes-solutions.com/1st-pu-notes-kannada,Chapter-18,https://drive.google.com/file/d/1YOa8rxxYiduBBSVN_koKx0ud6cPWFGvG/view?usp=sharing
https://www.pucnotes-solutions.com/1st-pu-notes-kannada,Chapter-19,https://drive.google.com/file/d/1zsVhyCQNcgTwzcbWTh2j9B9dVmILtoaE/view?usp=sharing
https://www.pucnotes-solutions.com/1st-pu-notes-kannada,Chapter-20,https://drive.google.com/file/d/1yO2htklenUwgj1Y0vHnQVYrxk1TFXhUZ/view?usp=sharing
https://www.pucnotes-solutions.com/1st-pu-notes-kannada,Chapter-21,https://drive.google.com/file/d/1utxwTYC_rRvq7pgQKfhKxuMs0W6S22YC/view?usp=sharing
https://www.pucnotes-solutions.com/1st-pu-notes-kannada,Chapter-22,https://drive.google.com/file/d/18Ll55PeL2g2ORWADLw_GB8OIgPv1xM62/view?usp=sharing
https://www.pucnotes-solutions.com/1st-pu-notes-kannada,Chapter-23,https://drive.google.com/file/d/1QG5WIM67jXoepIWyuJBE87FEZlKdWXRj/view?usp=sharing
https://www.pucnotes-solutions.com/1st-pu-notes-kannada,Chapter-24,https://drive.google.com/file/d/1_FCQFbtf7sZm5_IqH65zuee2bAy5u6dy/view?usp=sharing
https://www.pucnotes-solutions.com/1st-pu-notes-kannada,Chapter-25,https://drive.google.com/file/d/19SmvWvzB7oHOJzpHfmz6WSzrwbFOkoju/view?usp=sharing
https://www.pucnotes-solutions.com/2nd-pu-notes-english,Chapter-01,https://drive.google.com/file/d/1F1vSm0RB5lJd8Pp1bG3Au2BK4wlLm_2e/view?usp=sharing
https://www.pucnotes-solutions.com/2nd-pu-notes-english,Chapter-02,https://drive.google.com/file/d/1ONu9CxYH2d5hs0bnWC2f6eBL5SVwBMQV/view?usp=sharing
https://www.pucnotes-solutions.com/2nd-pu-notes-english,Chapter-03,https://drive.google.com/file/d/1YB2Rv_hxEBkm5OSe_D2-D_P9ehx8KA96/view?usp=sharing
https://www.pucnotes-solutions.com/2nd-pu-notes-english,Chapter-04,https://drive.google.com/file/d/14wEnFgUgPqWjX-Po0P6Wa3YjdyWcygrj/view?usp=sharing
https://www.pucnotes-solutions.com/2nd-pu-notes-english,Chapter-05,https://drive.google.com/file/d/1J6OsF2JIr10Jn_c8ZFO1e8YyX2LiEQC1/view?usp=sharing
https://www.pucnotes-solutions.com/2nd-pu-notes-english,Chapter-06,https://drive.google.com/file/d/1f357Dp8VtiZNhHUPSw6YQV3NVlNRMH3h/view?usp=sharing
https://www.pucnotes-solutions.com/2nd-pu-notes-english,Chapter-07,https://drive.google.com/file/d/1pSBjgXFdX7rtXajaeTYcXBGte3ZRrvTg/view?usp=sharing
https://www.pucnotes-solutions.com/2nd-pu-notes-english,Chapter-08,https://drive.google.com/file/d/165OKhPydEVsrOMWJKnvxp9Sk9NQl8Ol9/view?usp=sharing
https://www.pucnotes-solutions.com/2nd-pu-notes-english,Chapter-09,https://drive.google.com/file/d/1FQn3rL4ggqBzUyxDoiu9YmlbKR7brU4F/view?usp=sharing
https://www.pucnotes-solutions.com/2nd-pu-notes-english,Chapter-10,https://drive.google.com/file/d/1TuIrt2b4ocQKv2mFWHzrFT2Uk8Haj_J7/view?usp=sharing
https://www.pucnotes-solutions.com/2nd-pu-notes-english,Chapter-11,https://drive.google.com/file/d/1F-3FsJzrd8FcaRt8d7eEQqtGhSL3d18C/view?usp=sharing
https://www.pucnotes-solutions.com/2nd-pu-notes-english,Chapter-12,https://drive.google.com/file/d/1lB-LTO3DqLrkiWzKo11D7ooasJfhWJPH/view?usp=sharing
https://www.pucnotes-solutions.com/2nd-pu-notes-english,Chapter-13,https://drive.google.com/file/d/1TVA53TkHYBGRlZPza7h7JK8-kPPJBQCT/view?usp=sharing
https://www.pucnotes-solutions.com/2nd-pu-notes-english,Chapter-14,https://drive.google.com/file/d/1s1ZyMv2uJ0kjVwDDQpGYjr_7yZbN1Fxj/view?usp=sharing
https://www.pucnotes-solutions.com/2nd-puc-kannada,Model Paper-1,https://drive.google.com/file/d/1yIwG4nR0Nz0x4fTxTsRhL5xTq6rR063e/view?usp=sharing
https://www.pucnotes-solutions.com/2nd-puc-kannada,Model Paper-4,https://drive.google.com/file/d/1kytkbDFvBSYl5fGZZA5m08cIOykWOAc-/view?usp=sharing
https://www.pucnotes-solutions.com/2nd-puc-kannada,Model Paper-7,https://drive.google.com/file/d/1g6qJ2lnPvdcol3J-PKqprQocukcU7PcB/view?usp=sharing
https://www.pucnotes-solutions.com/2nd-puc-kannada,Model Paper-2,https://drive.google.com/file/d/1g6qJ2lnPvdcol3J-PKqprQocukcU7PcB/view?usp=sharing
https://www.pucnotes-solutions.com/2nd-puc-kannada,Model Paper-5,https://drive.google.com/file/d/14arpXGnOxcoAIyOnGV62MOwdL5K4-pXW/view?usp=sharing
https://www.pucnotes-solutions.com/2nd-puc-kannada,Model Paper-8,https://drive.google.com/file/d/1xdcZlwM0fkkx3sQfmq9xpSOoN061kmbf/view?usp=sharing
https://www.pucnotes-solutions.com/2nd-puc-kannada,Model Paper-3,https://drive.google.com/file/d/1HWtl3qmoPc1lXtKcpz-Ms9j-ZVo0bNYG/view?usp=sharing
https://www.pucnotes-solutions.com/2nd-puc-kannada,Model Paper-6,https://drive.google.com/file/d/1WottlGbQ5b2leP3KVtqPoDA7c9C2A0iZ/view?usp=sharing
https://www.pucnotes-solutions.com/2nd-puc-kannada,Model Paper-9,https://drive.google.com/file/d/1O7HIhxa-Q5dbPeE78mMSnEO2BlhqvF0J/view?usp=sharing
https://www.pucnotes-solutions.com/2nd-puc-kannada,Model Paper-10,https://drive.google.com/file/d/1hkRKW7HJaAoWUbgifVb-jRri4u3nlfM-/view?usp=sharing
https://www.pucnotes-solutions.com/2nd-puc-kannada,Questions,https://drive.google.com/file/d/1IentP1WL8RfQb9Dj0HZitQaj95SDSwt4/view?usp=sharing
https://www.pucnotes-solutions.com/2nd-puc-kannada,Midterm Paper 1,https://drive.google.com/file/d/1XdHMs7KaN3GJGsh2dtNalg0jTSWRWl6d/view?usp=sharing
https://www.pucnotes-solutions.com/2nd-puc-kannada,Midterm Paper 2,https://drive.google.com/file/d/1qycp6vhn0aXRCbnUVFBMFv99hTewiB4c/view?usp=sharing
https://www.pucnotes-solutions.com/2nd-puc-kannada,Midterm Paper 2,https://drive.google.com/file/d/1Im99QFkBDgcbynnpOLb3QkGWEuVs8luZ/view?usp=sharing
https://www.pucnotes-solutions.com/2nd-pu-notes-mathematics,Chapter-01,https://drive.google.com/file/d/15ph8Pw85WiRITk1xv2ZwlS7UkDisqdhE/view?usp=sharing
https://www.pucnotes-solutions.com/2nd-pu-notes-mathematics,Chapter-02,https://drive.google.com/file/d/1CH6tMKQj7nBYpVmgKYcX60hZ2QzQ1XTI/view?usp=sharing
https://www.pucnotes-solutions.com/2nd-pu-notes-mathematics,Chapter-03,https://drive.google.com/file/d/1oJr4yyiuTYfCPtrDPR8NvAX634mXpAim/view?usp=sharing
https://www.pucnotes-solutions.com/2nd-pu-notes-mathematics,Chapter-04,https://drive.google.com/file/d/1ybRaMqZv1BomlGZpSw2ZoPLbMcp1Il7y/view?usp=sharing
https://www.pucnotes-solutions.com/2nd-pu-notes-mathematics,Chapter-05,https://drive.google.com/file/d/1udJC9ymHFWZua8ZR0vetXCYfRzozawFJ/view?usp=sharing
https://www.pucnotes-solutions.com/2nd-pu-notes-mathematics,Chapter-06,https://drive.google.com/file/d/1QqTYTKn3QMldr41T4DBKYJEbuy_wc3Ly/view?usp=sharing
https://www.pucnotes-solutions.com/2nd-pu-notes-mathematics,Chapter-07,https://drive.google.com/file/d/1QtpdyD2ofsE_07_gHkdRThSyCLNKYpjl/view?usp=sharing
https://www.pucnotes-solutions.com/2nd-pu-notes-mathematics,Chapter-08,https://drive.google.com/file/d/1a33er5gk-WW1K-w6EwE519J9yzMWhDVU/view?usp=sharing
https://www.pucnotes-solutions.com/2nd-pu-notes-mathematics,Chapter-09,https://drive.google.com/file/d/1hPVhG4qsIaFq-8uugg6AaZPmFVYgdMdb/view?usp=sharing
https://www.pucnotes-solutions.com/2nd-pu-notes-mathematics,Chapter-10,https://drive.google.com/file/d/1c3zyEToc-yzpzWqkE1Pvmx8E5o1kFyE5/view?usp=sharing
https://www.pucnotes-solutions.com/2nd-pu-notes-mathematics,Chapter-11,https://drive.google.com/file/d/1Ac0Jvgt7IcaGUK7OPavTiLbc__fyPJRz/view?usp=sharing
https://www.pucnotes-solutions.com/2nd-pu-notes-mathematics,Chapter-12,https://drive.google.com/file/d/1s0RnDZEGKM-ZwEUjOJJTBrcNOZNVZ4JJ/view?usp=sharing
https://www.pucnotes-solutions.com/2nd-pu-notes-mathematics,Chapter-13,https://drive.google.com/file/d/1DsyfthZP8dvmTomwX9ju7N7o3HV3kygs/view?usp=sharing
https://www.pucnotes-solutions.com/2nd-pu-notes-history,Chapter-01,https://drive.google.com/file/d/1_oVv4zrOldG4qFcWXfNrXM9-ybpgNgRg/view?usp=sharing
https://www.pucnotes-solutions.com/2nd-pu-notes-history,Chapter-02,https://drive.google.com/file/d/1-g4ckROeflOQgutaDNpyk_qNdSlm98nA/view?usp=sharing
https://www.pucnotes-solutions.com/2nd-pu-notes-history,Chapter-05,https://drive.google.com/file/d/1ntxCSnsf4S9aLztdLvda5ruHDYf16C_T/view?usp=sharing
https://www.pucnotes-solutions.com/2nd-pu-notes-history,Chapter-06,https://drive.google.com/file/d/1rDBTEaPPYn02Hw7detxsiUTvWt0TmVwR/view?usp=sharing
https://www.pucnotes-solutions.com/2nd-pu-notes-history,Chapter-03,https://drive.google.com/file/d/1ynPY-x1hAZo3wS9m12UbdNG5Lql4rCvl/view?usp=sharing
https://www.pucnotes-solutions.com/2nd-pu-notes-history,Chapter-04,https://drive.google.com/file/d/1vTxTQagiJlv4fOxMciot3BonWxU19pSa/view?usp=sharing
https://www.pucnotes-solutions.com/2nd-pu-notes-history,Chapter-07,https://drive.google.com/file/d/1TIRerV5Jpd8QssabuRKx0z4piQN1qYJw/view?usp=sharing
https://www.pucnotes-solutions.com/2nd-pu-notes-history,Chapter-08,https://drive.google.com/file/d/1nh0LPU_8CRZqjxu1ne8cLndtcVhYTkf9/view?usp=sharing
https://www.pucnotes-solutions.com/1st-puc-chemistry,Model Paper-1,https://drive.google.com/file/d/14pLTC2oO9v3JquSzyf-05H0kNxJvwl22/view?usp=sharing
https://www.pucnotes-solutions.com/1st-puc-chemistry,Model Paper-4,https://drive.google.com/file/d/198NkJZUSK025yjqpSPkAS2rK3eujy5T_/view?usp=sharing
https://www.pucnotes-solutions.com/1st-puc-chemistry,Model Paper-7,https://drive.google.com/file/d/12cdoZPJVkKt5AC5lwrk8Bu6vTjrG4Nrs/view?usp=sharing
https://www.pucnotes-solutions.com/1st-puc-chemistry,Model Paper-2,https://drive.google.com/file/d/1-XHOGGJheLLUq47EFCHNLLSs9KXwImDH/view?usp=sharing
https://www.pucnotes-solutions.com/1st-puc-chemistry,Model Paper-5,https://drive.google.com/file/d/1of9o4m1tRlxAa-mQz_oBy4fUgFTIfzjw/view?usp=sharing
https://www.pucnotes-solutions.com/1st-puc-chemistry,Model Paper-8,https://drive.google.com/file/d/1fYLcg5ZqWPeLBi2U8uVjjF_fQ7OHQNVu/view?usp=sharing
https://www.pucnotes-solutions.com/1st-puc-chemistry,Model Paper-3,https://drive.google.com/file/d/1P9DCJm1VKW0qYT_mKqlWw4_pCbg2UpRU/view?usp=sharing
https://www.pucnotes-solutions.com/1st-puc-chemistry,Model Paper-6,https://drive.google.com/file/d/1vAdDEs9NInOesY8g3PrC2ORtqeVgdHYd/view?usp=sharing
https://www.pucnotes-solutions.com/1st-puc-chemistry,Model Paper-9,https://drive.google.com/file/d/1p0nfKFJnKdE94mqUUegRt9OcM-sVpU2t/view?usp=sharing
https://www.pucnotes-solutions.com/1st-puc-chemistry,Model Paper-10,https://drive.google.com/file/d/1jOM3jCNz1mXn43SVQxco6ktSwCU4zJDD/view?usp=sharing
https://www.pucnotes-solutions.com/1st-puc-chemistry,2020 question paper,https://drive.google.com/file/d/1_CeEsNIaAJFkqvJiGGt3AMQl4x3gsHb9/view?usp=sharing
https://www.pucnotes-solutions.com/1st-puc-chemistry,Questions,https://drive.google.com/file/d/1BBQi7I5TXMJESSf-SFSWeyc_vSdMZTEy/view?usp=sharing
https://www.pucnotes-solutions.com/1st-puc-chemistry,Midterm Paper 1,https://drive.google.com/file/d/1vvtqk9KkYarrZy4S5kGtuPPGaXAAxaZ3/view?usp=sharing
https://www.pucnotes-solutions.com/1st-puc-chemistry,Midterm Paper 2,https://drive.google.com/file/d/1Ap6vDC2HXMJBdLR3wCrlnQ2nUc_n5WbX/view?usp=sharing
https://www.pucnotes-solutions.com/1st-pu-notes-business-studies,Chapter-01,https://drive.google.com/file/d/1Adgnn82UDYeGwp-EXNa_TIEtk2dgW3O9/view?usp=sharing
https://www.pucnotes-solutions.com/1st-pu-notes-business-studies,Chapter-02,https://drive.google.com/file/d/1BbdrQBoT60ht1xaj4sYka7Oxe05G_50N/view?usp=sharing
https://www.pucnotes-solutions.com/1st-pu-notes-business-studies,Chapter-06,https://drive.google.com/file/d/1AqvAxc7EKKZd166ohALkxWUwBKs3jezg/view?usp=sharing
https://www.pucnotes-solutions.com/1st-pu-notes-business-studies,Chapter-07,https://drive.google.com/file/d/1AyYhjRMLnxeb_JswoU-m5Bd2F2HpZr5a/view?usp=sharing
https://www.pucnotes-solutions.com/1st-pu-notes-business-studies,Chapter-03,https://drive.google.com/file/d/1AfxXWXXWlwkUtrAKuH7XwhvLZ3guYqaD/view?usp=sharing
https://www.pucnotes-solutions.com/1st-pu-notes-business-studies,Chapter-04,https://drive.google.com/file/d/1BkZ3nttAbONw1pRz4fBlUL5lTK2bvbnH/view?usp=sharing
https://www.pucnotes-solutions.com/1st-pu-notes-business-studies,Chapter-05,https://drive.google.com/file/d/1Ajk8oz43AWJwic76yAK0KAxdLVvXVB2S/view?usp=sharing
https://www.pucnotes-solutions.com/1st-pu-notes-business-studies,Chapter-08,https://drive.google.com/file/d/1AytDIcOgkR9lCZxKl8SP74L5jQQMJmpP/view?usp=sharing
https://www.pucnotes-solutions.com/1st-pu-notes-business-studies,Chapter-09,https://drive.google.com/file/d/1B6e1tLNxENIzql6nUfccfNRSmjtLEkAu/view?usp=sharing
https://www.pucnotes-solutions.com/1st-pu-notes-business-studies,Chapter-10,https://drive.google.com/file/d/1BBZUsZaLvwz4H9fMDYfce-sgFXVNxwDs/view?usp=sharing
https://www.pucnotes-solutions.com/1st-pu-notes-business-studies,Chapter-11,https://drive.google.com/file/d/1BEKTrq6nHAB391nZXC8pAfsTB2_YhZoW/view?usp=sharing
https://www.pucnotes-solutions.com/2nd-puc-english,Model Paper-1,https://drive.google.com/file/d/1OeEUKUi7iOnQQv7bRN507wNn3n5Inc9A/view?usp=sharing
https://www.pucnotes-solutions.com/2nd-puc-english,Model Paper-4,https://drive.google.com/file/d/1An2Vozs-KaQ7uHBJqVAoT4z_PUN5O7VI/view?usp=sharing
https://www.pucnotes-solutions.com/2nd-puc-english,Model Paper-7,https://drive.google.com/file/d/1v48qDLKZB6ByHASqnLnt9ou37FgYigSa/view?usp=sharing
https://www.pucnotes-solutions.com/2nd-puc-english,Model Paper-2,https://drive.google.com/file/d/1ZzSvgU0TTdnWrwmumSQsh13T-tFw4ual/view?usp=sharing
https://www.pucnotes-solutions.com/2nd-puc-english,Model Paper-5,https://drive.google.com/file/d/1kBodbbvjvuE2MsnVfptsevH4qHoqDhKt/view?usp=sharing
https://www.pucnotes-solutions.com/2nd-puc-english,Model Paper-8,https://drive.google.com/file/d/1DGr1dmrQVaZj32Qoy-hSGtm1naHtrX5v/view?usp=sharing
https://www.pucnotes-solutions.com/2nd-puc-english,Model Paper-3,https://drive.google.com/file/d/1YstELACJlpnNeMXrg_RnsNJxyHUpyEzd/view?usp=sharing
https://www.pucnotes-solutions.com/2nd-puc-english,Model Paper-6,https://drive.google.com/file/d/15BRfdnxLYVANTxfQM233ramIr39dLai5/view?usp=sharing
https://www.pucnotes-solutions.com/2nd-puc-english,Model Paper-9,https://drive.google.com/file/d/1Ofmja4LtWABQ1uY1D1eyI4ImMy5r1kkt/view?usp=sharing
https://www.pucnotes-solutions.com/2nd-puc-english,Model Paper-10,https://drive.google.com/file/d/1nj70jTf4O_LOBKi-cJsEM5Ty39chyNkJ/view?usp=sharing
https://www.pucnotes-solutions.com/2nd-puc-english,Questions,https://drive.google.com/file/d/1MSB0eJcRytF8sOEM0a6UGLzBRLZr5WqS/view?usp=sharing
https://www.pucnotes-solutions.com/1st-pu-notes-mathematics,Chapter-01,https://drive.google.com/file/d/1TOhexhfpIujz-tP6AW9nnlfKNFMYVnvk/view?usp=sharing
https://www.pucnotes-solutions.com/1st-pu-notes-mathematics,Chapter-02,https://drive.google.com/file/d/1uNXTFtbvd08KwqtIXUxqY3bQZki4At3n/view?usp=sharing
https://www.pucnotes-solutions.com/1st-pu-notes-mathematics,Chapter-03,https://drive.google.com/file/d/1xOKHMAnJSXq4gI3LeLJ1NG0Qr6cjcUNh/view?usp=sharing
https://www.pucnotes-solutions.com/1st-pu-notes-mathematics,Chapter-04,https://drive.google.com/file/d/1ruxOkm39_F7h3Q8wUX1Dm3Hg2MTO_hrQ/view?usp=sharing
https://www.pucnotes-solutions.com/1st-pu-notes-mathematics,Chapter-05,https://drive.google.com/file/d/17N3Ni_0IbGB-OA9huJKUC9L5G-IegpnU/view?usp=sharing
https://www.pucnotes-solutions.com/1st-pu-notes-mathematics,Chapter-09,https://drive.google.com/file/d/11SuK7Aft3tyKC9-M368CKH0YEB_ey5h9/view?usp=sharing
https://www.pucnotes-solutions.com/1st-pu-notes-mathematics,Chapter-10,https://drive.google.com/file/d/1w36pY0gPuoxGArm6ORm_TcqqgiB9RvHr/view?usp=sharing
https://www.pucnotes-solutions.com/1st-pu-notes-mathematics,Chapter-11,https://drive.google.com/file/d/1cLJYKbUlMkx85ZIujq4G7SYjWbxYh52m/view?usp=sharing
https://www.pucnotes-solutions.com/1st-pu-notes-mathematics,Chapter-12,https://drive.google.com/file/d/1Z444m6js_1FllsZMlwichrW9_0gCYcHb/view?usp=sharing
https://www.pucnotes-solutions.com/1st-pu-notes-mathematics,Chapter-13,https://drive.google.com/file/d/19SRuekGVT_8u3cJN7echf6ozVpJtw_FA/view?usp=sharing
https://www.pucnotes-solutions.com/1st-pu-notes-mathematics,Chapter-06,https://drive.google.com/file/d/18qvbYn-PKX1xwYp7LbYFq2nRXaXzYLxq/view?usp=sharing
https://www.pucnotes-solutions.com/1st-pu-notes-mathematics,Chapter-07,https://drive.google.com/file/d/1O36owvTmU9ZTW4VkzJewHOSa_fPih81v/view?usp=sharing
https://www.pucnotes-solutions.com/1st-pu-notes-mathematics,Chapter-08,https://drive.google.com/file/d/1mkKEMHN86NJKWAEa081C1QGjhSnvQzwN/view?usp=sharing
https://www.pucnotes-solutions.com/1st-pu-notes-mathematics,Chapter-14,https://drive.google.com/file/d/1cvY_I6t6R6uRxkyOJWFrJDuni_-fKHK3/view?usp=sharing
https://www.pucnotes-solutions.com/1st-pu-notes-mathematics,Chapter-15,https://drive.google.com/file/d/1Frjjl2da5PnWyPSg5ApDz3TDCOaAt-JC/view?usp=sharing
https://www.pucnotes-solutions.com/1st-pu-notes-mathematics,Chapter-16,https://drive.google.com/file/d/1NOj1BjkfqO5U7vS1Bc5aeK0BEmyMF1nR/view?usp=sharing
https://www.pucnotes-solutions.com/2nd-pu-notes-physics,Chapter-01,https://drive.google.com/file/d/1CRyVEF6OTJD2lwcyN9u9UJyIkZn--yag/view?usp=sharing
https://www.pucnotes-solutions.com/2nd-pu-notes-physics,Chapter-02,https://drive.google.com/file/d/1eC6eRVxdETNeehVDQVR_xmB6o0iq_f8i/view?usp=sharing
https://www.pucnotes-solutions.com/2nd-pu-notes-physics,Chapter-03,https://drive.google.com/file/d/1fDUWZrzOhYMxs4KksJ0I4xrZjNHYPVr5/view?usp=sharing
https://www.pucnotes-solutions.com/2nd-pu-notes-physics,Chapter-04,https://drive.google.com/file/d/12m6jCcqPZ3ZGeLQsSu-zEHPckul5c6Yt/view?usp=sharing
https://www.pucnotes-solutions.com/2nd-pu-notes-physics,Chapter-05,https://drive.google.com/file/d/1c6UVi4rXddCVO0v9ypJNQ0AxPv6yHj9P/view?usp=sharing
https://www.pucnotes-solutions.com/2nd-pu-notes-physics,Chapter-06,https://drive.google.com/file/d/1KWhqY8Cvw9ucxmPKrRKnd7PrQECZ-1jV/view?usp=sharing
https://www.pucnotes-solutions.com/2nd-pu-notes-physics,Chapter-07,https://drive.google.com/file/d/1qy2BdyPZGX79wXi7t0_hsSOK6Tope4CQ/view?usp=sharing
https://www.pucnotes-solutions.com/2nd-pu-notes-physics,Chapter-08,https://drive.google.com/file/d/1s96KF5nzFKF_D1MgsW_zp9mmVDKDxuvH/view?usp=sharing
https://www.pucnotes-solutions.com/2nd-pu-notes-physics,Chapter-09,https://drive.google.com/file/d/17Mkotv_7IBsUoBOJm2BfttU6B46hw92a/view?usp=sharing
https://www.pucnotes-solutions.com/2nd-pu-notes-physics,Chapter-10,https://drive.google.com/file/d/1D72ISG3fGptN0FvyHVqmSAlMwkIgKuMj/view?usp=sharing
https://www.pucnotes-solutions.com/2nd-pu-notes-physics,Chapter-11,https://drive.google.com/file/d/1zlmOFxfU8C3F0rse3M7JHursLp8L3_GB/view?usp=sharing
https://www.pucnotes-solutions.com/2nd-pu-notes-physics,Chapter-12,https://drive.google.com/file/d/1SBAF-CFV_yxoYd1bzC4-7RXBSquyLK0h/view?usp=sharing
https://www.pucnotes-solutions.com/2nd-pu-notes-physics,Chapter-13,https://drive.google.com/file/d/1Mm8Q0jcrH22aKX_Hd1iGB71oCk5DexYJ/view?usp=sharing
https://www.pucnotes-solutions.com/2nd-pu-notes-physics,Chapter-14,https://drive.google.com/file/d/1cdwNa7D8Qp39grl3xfByWgcEz1HQ5_eT/view?usp=sharing
https://www.pucnotes-solutions.com/2nd-pu-notes-physics,Chapter-15,https://drive.google.com/file/d/1D4CePFPzrWbWi5xf3vHxx2rh7Az2RUy9/view?usp=sharing
https://www.pucnotes-solutions.com/2nd-puc-chemistry,Model Paper-1,https://drive.google.com/file/d/1O-WNswE0THxNFgpBMbMc169ujDAUh80V/view?usp=sharing
https://www.pucnotes-solutions.com/2nd-puc-chemistry,Model Paper-4,https://drive.google.com/file/d/10Us1zjO8UKccaSd0V8cH5AEuKHbNiTsg/view?usp=sharing
https://www.pucnotes-solutions.com/2nd-puc-chemistry,Model Paper-7,https://drive.google.com/file/d/1ycA8eQJvZ7JWZwFhYDmttAFjkqZ0Lp9A/view?usp=sharing
https://www.pucnotes-solutions.com/2nd-puc-chemistry,Model Paper-2,https://drive.google.com/file/d/1vXKzYchLNH6nU_wPjgfdgPmqQiM5f5OQ/view?usp=sharing
https://www.pucnotes-solutions.com/2nd-puc-chemistry,Model Paper-5,https://drive.google.com/file/d/15speFE6F0zdSdqSZuPTOGUCjaY1ThyD9/view?usp=sharing
https://www.pucnotes-solutions.com/2nd-puc-chemistry,Model Paper-8,https://drive.google.com/file/d/17s4J1ZwPzOQas3GpNmzhEzjCUSOMOgT3/view?usp=sharing
https://www.pucnotes-solutions.com/2nd-puc-chemistry,Model Paper-3,https://drive.google.com/file/d/1JfStI7iDJ9VjMQPkYFh2eGFqNGzfaoLC/view?usp=sharing
https://www.pucnotes-solutions.com/2nd-puc-chemistry,Model Paper-6,https://drive.google.com/file/d/1GKofo9HLci1f7IfQkO_JjuFeYH8dUQVk/view?usp=sharing
https://www.pucnotes-solutions.com/2nd-puc-chemistry,Model Paper-9,https://drive.google.com/file/d/1_yXnK6Y4ochSRNK4G02kIXiyNyNcqrVW/view?usp=sharing
https://www.pucnotes-solutions.com/2nd-puc-chemistry,Model Paper-10,https://drive.google.com/file/d/1TBdu55kHZu5F98Za9QV0QDc6L22uh79W/view?usp=sharing
https://www.pucnotes-solutions.com/2nd-puc-chemistry,2022 question paper,https://drive.google.com/file/d/1R4e8T5qtrW8HD74nXOExFqSf1nTAdThK/view?usp=sharing
https://www.pucnotes-solutions.com/2nd-puc-chemistry,2020 question paper,https://drive.google.com/file/d/1yGGcZlOQ45SpQgjzyQlhaT_ocygXlNpo/view?usp=sharing
https://www.pucnotes-solutions.com/2nd-puc-chemistry,2019 question paper,https://drive.google.com/file/d/1hnPi5f673t0KRJP7uycdh7Wyc99g5lTo/view?usp=sharing
https://www.pucnotes-solutions.com/2nd-puc-chemistry,2018 question paper,https://drive.google.com/file/d/1vNXrGE0PrKMZin8APdt3TCnwugEFLUch/view?usp=sharing
https://www.pucnotes-solutions.com/2nd-puc-chemistry,2017 question paper,https://drive.google.com/file/d/1hKGR-o1aggYJCuRz2UtMAVT_EkHMzOKs/view?usp=sharing
https://www.pucnotes-solutions.com/2nd-puc-chemistry,2016 question paper,https://drive.google.com/file/d/1hKGR-o1aggYJCuRz2UtMAVT_EkHMzOKs/view?usp=sharing
https://www.pucnotes-solutions.com/2nd-puc-chemistry,2015 question paper,https://drive.google.com/file/d/11hLIOxW21GIzkljYjmQXfo-0EvUSSqjM/view?usp=sharing
https://www.pucnotes-solutions.com/2nd-puc-chemistry,Solved paper-2015,https://drive.google.com/file/d/1A0oZ6HKv8AowNsmgudDctxIeKYUN3thg/view?usp=sharing
https://www.pucnotes-solutions.com/2nd-puc-chemistry,Solved paper-2018,https://drive.google.com/file/d/14X9zRY-_aEoifB3hcjPnNq5RgM-MP-GZ/view?usp=sharing
https://www.pucnotes-solutions.com/2nd-puc-chemistry,Solved paper-2016,https://drive.google.com/file/d/1wLHqS76YLF7gNAUPatMoACTtnU0gzg_e/view?usp=sharing
https://www.pucnotes-solutions.com/2nd-puc-chemistry,Solved paper-2019,https://drive.google.com/file/d/1MiNF7U1siVrbCwHVgmy_g_ce-aoTkG0w/view?usp=sharing
https://www.pucnotes-solutions.com/2nd-puc-chemistry,Solved paper-2017,https://drive.google.com/file/d/1upT2tLb-U_i5hdzmEViwJ4rMq2nXIsWd/view?usp=sharing
https://www.pucnotes-solutions.com/2nd-puc-chemistry,Solved paper-2020,https://drive.google.com/file/d/1RbVr6lkj7XHE05QYAwvlZdR81_PjzujJ/view?usp=sharing
https://www.pucnotes-solutions.com/2nd-puc-chemistry,Questions,https://drive.google.com/file/d/1pDqJrHbOd2O8ki4-fncMgr24Jwk_5KB3/view?usp=sharing
https://www.pucnotes-solutions.com/2nd-puc-chemistry,Midterm Paper 1,https://drive.google.com/file/d/1K91B_xVkKPLm90OOCCqptqnGeJynzLiR/view?usp=sharing
https://www.pucnotes-solutions.com/2nd-puc-chemistry,Midterm Paper 2,https://drive.google.com/file/d/1QJGtaLG43sCPCO1HbQwEeiEt8BAAwLDB/view?usp=sharing
https://www.pucnotes-solutions.com/2nd-pu-notes-statistics,Chapter-01,https://drive.google.com/file/d/10RsTZ6gNXBCiwn-rGgsakGafqOzRqjgp/view?usp=sharing
https://www.pucnotes-solutions.com/2nd-pu-notes-statistics,Chapter-02,https://drive.google.com/file/d/1QTcFYO2eeFj7jzMktfhN7MF7dLW5QIRc/view?usp=sharing
https://www.pucnotes-solutions.com/2nd-pu-notes-statistics,Chapter-03,https://drive.google.com/file/d/1wvhyGgsB9onGW2Tla9DyUvjjQ11xkUXC/view?usp=sharing
https://www.pucnotes-solutions.com/2nd-pu-notes-statistics,Chapter-04,https://drive.google.com/file/d/1e61F2YhqTP_eAPfZU9z7CH9ZsYTpFd_G/view?usp=sharing
https://www.pucnotes-solutions.com/2nd-pu-notes-statistics,Chapter-05,https://drive.google.com/file/d/1XHBAvSg7kqTOxP91aJ9as5Uz_x-9hrUL/view?usp=sharing
https://www.pucnotes-solutions.com/2nd-pu-notes-statistics,Chapter-06,https://drive.google.com/file/d/1uffihCl6zewlosHNvWqVdyIZUUyo512p/view?usp=sharing
https://www.pucnotes-solutions.com/2nd-pu-notes-statistics,Chapter-07,https://drive.google.com/file/d/1e6605m4oG5bhnR7Vw69h7HvwP4lb6lhL/view?usp=sharing
https://www.pucnotes-solutions.com/2nd-pu-notes-statistics,Chapter-08,https://drive.google.com/file/d/1qN2Fy_cglOkyMm4UbePA7qI_diDc0BD6/view?usp=sharing
https://www.pucnotes-solutions.com/kcet-cutoffs,2018 Round-1,https://drive.google.com/file/d/13Xw0csElwOuI_WfCwGID5C0Lr57OXW_w/view?usp=sharing
https://www.pucnotes-solutions.com/kcet-cutoffs,2020 Round-1,https://drive.google.com/file/d/13hsVOnjvw42h6mejm_MH4GyJcpc6zmXn/view?usp=sharing
https://www.pucnotes-solutions.com/kcet-cutoffs,2019 Round-2,https://drive.google.com/file/d/13h3gPqPWTDF2yP67fz1AumRFWlYCW5a4/view?usp=sharing
https://www.pucnotes-solutions.com/kcet-cutoffs,2018 Round-2,https://drive.google.com/file/d/13gehojUXHTJe8kFqD0sibcPJoZPgl9cg/view?usp=sharing
https://www.pucnotes-solutions.com/kcet-cutoffs,2020 Round-2,https://drive.google.com/file/d/13huRAfKbVv-iHklFfWwNuiAZ0vX87a5j/view?usp=sharing
https://www.pucnotes-solutions.com/kcet-cutoffs,2021 Round-1,https://drive.google.com/file/d/13r7foR-DSa1xKjvvGQmdsrYqtFzsZLL4/view?usp=sharing
https://www.pucnotes-solutions.com/kcet-cutoffs,2020 round-1,https://drive.google.com/file/d/12QyH6E1vxnyKs5PUKjwR9NcYwlNEvMPO/view?usp=sharing
https://www.pucnotes-solutions.com/kcet-cutoffs,2020 Round-2,https://drive.google.com/file/d/12Xit3l2TAGpX43uL1PVaDVm97IBfjMU6/view?usp=sharing
https://www.pucnotes-solutions.com/kcet-cutoffs,2021 Round-1,https://drive.google.com/file/d/12Xu4WJFvcyWMXTKl9ZLqOVFa2_nu0NKP/view?usp=sharing
https://www.pucnotes-solutions.com/kcet-cutoffs,2020 round-1,https://drive.google.com/file/d/1269zjKvCqcjguK3zSA9cXfzKfIgPN-fk/view?usp=sharing
https://www.pucnotes-solutions.com/kcet-cutoffs,2020 Round-2,https://drive.google.com/file/d/126IUcDHU3d1begQYDMsrltiB50JxUaZ2/view?usp=sharing
https://www.pucnotes-solutions.com/kcet-cutoffs,2021 Round-1,https://drive.google.com/file/d/12C4BrVvOwAyNWlkekhGrhgC1zlF3vBqt/view?usp=sharing
https://www.pucnotes-solutions.com/kcet-cutoffs,2020 round-1,https://drive.google.com/file/d/14WBfCNn8uftvHgwGhVcyQQeJ6brAh5CG/view?usp=sharing
https://www.pucnotes-solutions.com/kcet-cutoffs,2020 Round-2,https://drive.google.com/file/d/14aFa4hNwT1hziQSagc3TpiPwAOFY5yOK/view?usp=sharing
https://www.pucnotes-solutions.com/kcet-cutoffs,2021 Round-1,https://drive.google.com/file/d/14bGdzF000ZkAqUUYTdXqiKzU2wd_tJwm/view?usp=sharing
https://www.pucnotes-solutions.com/kcet-cutoffs,2020 round-1,https://drive.google.com/file/d/12pSEV0hN6pS2WnRLFo7oK02gAWjHZpjw/view?usp=sharing
https://www.pucnotes-solutions.com/kcet-cutoffs,2020 Round-2,https://drive.google.com/file/d/12wdMG2BHTsIXnMHhbXtUi7Zy73h7fJuR/view?usp=sharing
https://www.pucnotes-solutions.com/kcet-cutoffs,2021 Round-1,https://drive.google.com/file/d/131hBZjuNafRCFUACdakVbuRpQgjg2IXU/view?usp=sharing
https://www.pucnotes-solutions.com/kcet-cutoffs,2018 Round-1,https://drive.google.com/file/d/13vHpvXYSkWhK8sPIOJd4GNMB7GrzqGU7/view?usp=sharing
https://www.pucnotes-solutions.com/kcet-cutoffs,2020 Round-1,https://drive.google.com/file/d/143T8Ee-kbKLtV0C1XIvdA5H6KEpZQxlI/view?usp=sharing
https://www.pucnotes-solutions.com/kcet-cutoffs,2019 Round-2,https://drive.google.com/file/d/142MAhNdZ2bpTUjMS_oyez1ql3Cce4p_6/view?usp=sharing
https://www.pucnotes-solutions.com/kcet-cutoffs,2018 Round-2,https://drive.google.com/file/d/13vmxM2h_TOSP6iP2kUDK5_NMx88jaY3M/view?usp=sharing
https://www.pucnotes-solutions.com/kcet-cutoffs,2020 Round-2,https://drive.google.com/file/d/146GsnfSCS0ILurZXsfpDqiKouyg6ufGc/view?usp=sharing
https://www.pucnotes-solutions.com/kcet-cutoffs,2021 Round-1,https://drive.google.com/file/d/148bizfXEAto5euYgqhb7YaBApCErmbR0/view?usp=sharing
https://www.pucnotes-solutions.com/kcet-cutoffs,2020 round-1,https://drive.google.com/file/d/12ZbyPGM1nsM2D-cjylKAy_i0w1c-eLTM/view?usp=sharing
https://www.pucnotes-solutions.com/kcet-cutoffs,2020 Round-2,https://drive.google.com/file/d/12ggQAv0Eop3dtUkOmeQgkPsuWzm7GWyK/view?usp=sharing
https://www.pucnotes-solutions.com/kcet-cutoffs,2021 Round-1,https://drive.google.com/file/d/12l_8Jmp0VtbbNVJwt8VYdk9nahIjMxO4/view?usp=sharing
https://www.pucnotes-solutions.com/kcet-cutoffs,2020 round-1,https://drive.google.com/file/d/12DvquQP6RQQSTE3bkTC6mNryO1SxfjeI/view?usp=sharing
https://www.pucnotes-solutions.com/kcet-cutoffs,2020 Round-2,https://drive.google.com/file/d/12J044xhnIlxVtAwWcsXlrI9Uyqxy7CnX/view?usp=sharing
https://www.pucnotes-solutions.com/kcet-cutoffs,2021 Round-1,https://drive.google.com/file/d/12NU7fyiNgKalBzcx7arJbkd1F6G0RwTw/view?usp=sharing
https://www.pucnotes-solutions.com/kcet-cutoffs,2020 round-1,https://drive.google.com/file/d/14sS1oQGUl2OYTe0JDabNTxRq5w4Nu9i2/view?usp=sharing
https://www.pucnotes-solutions.com/kcet-cutoffs,2020 Round-2,https://drive.google.com/file/d/14t8jKBEAO2QBXO5RUp3uDnIWtz2OjGRc/view?usp=sharing
https://www.pucnotes-solutions.com/kcet-cutoffs,2021 Round-1,https://drive.google.com/file/d/14tRSNLLi4nT8m0vBAbSmk8VIz22u6R3s/view?usp=sharing
https://www.pucnotes-solutions.com/kcet-cutoffs,2020 round-1,https://drive.google.com/file/d/13E2j5c0m0VRmwWRU9RbK9aF8Wu_hanpz/view?usp=sharing
https://www.pucnotes-solutions.com/kcet-cutoffs,2020 Round-2,https://drive.google.com/file/d/13VozhwwsdjuTTRdJWXkRyG_Nt90f6H7_/view?usp=sharing
https://www.pucnotes-solutions.com/2nd-puc-accountancy,Model Paper-1,https://drive.google.com/file/d/13zHgq_kMnb2PavE0BgmQvJJD0_DBJUuy/view?usp=sharing
https://www.pucnotes-solutions.com/2nd-puc-accountancy,Model Paper-4,https://drive.google.com/file/d/19VeyO_-MskamF_mzjqthc6tqi0NbYZ1w/view?usp=sharing
https://www.pucnotes-solutions.com/2nd-puc-accountancy,Model Paper-7,https://drive.google.com/file/d/1D8IRv5yiqmsAnTbA-7HcYNG59IOU1khv/view?usp=sharing
https://www.pucnotes-solutions.com/2nd-puc-accountancy,Model Paper-2,https://drive.google.com/file/d/1fupFOm8Z0qPqu8tNc207XvAWDK3lOzQH/view?usp=sharing
https://www.pucnotes-solutions.com/2nd-puc-accountancy,Model Paper-5,https://drive.google.com/file/d/1XvOlxuW3qZyCMN0uOyA0gkUEtXywfNqZ/view?usp=sharing
https://www.pucnotes-solutions.com/2nd-puc-accountancy,Model Paper-8,https://drive.google.com/file/d/19fTXlpP4h13KoeRAPzLP5DcSnERcm6N8/view?usp=sharing
https://www.pucnotes-solutions.com/2nd-puc-accountancy,Model Paper-3,https://drive.google.com/file/d/1JDI2RwLbhhOsyHRA_sXHiygq1HmyuVYx/view?usp=sharing
https://www.pucnotes-solutions.com/2nd-puc-accountancy,Model Paper-6,https://drive.google.com/file/d/1EDmHR2vk6mLUv0MwiVOOwV24YEgxLvJx/view?usp=sharing
https://www.pucnotes-solutions.com/2nd-puc-accountancy,Model Paper-9,https://drive.google.com/file/d/1cidomcGNVvt05H9o7uIsbhTAKIAVkhkq/view?usp=sharing
https://www.pucnotes-solutions.com/2nd-puc-accountancy,Model Paper-10,https://drive.google.com/file/d/1BFyAI1GPeZl78grH-edlrZBgYHnDb4Gc/view?usp=sharing
https://www.pucnotes-solutions.com/2nd-puc-accountancy,Questions,https://drive.google.com/file/d/1U74mg7gRyT3IaaxyPKcPtmsvLUB-W2ur/view?usp=sharing
https://www.pucnotes-solutions.com/2nd-puc-accountancy,Midterm Paper 1,https://drive.google.com/file/d/1uBZClJ-P_-XJ-k2nUAOl_uBAs9n4y7Io/view?usp=sharing
https://www.pucnotes-solutions.com/2nd-puc-accountancy,Midterm Paper 2,https://drive.google.com/file/d/1Bv4XW_92JhfwuGb5fe5gMx49b-LiOtWD/view?usp=sharing
https://www.pucnotes-solutions.com/1st-puc-computer-science,Model Paper-1,https://drive.google.com/file/d/1hu_XWmwZNi5PcGM7M9nqMFO2Oi2R2199/view?usp=sharing
https://www.pucnotes-solutions.com/1st-puc-computer-science,Model Paper-4,https://drive.google.com/file/d/1r3zfJOR8qJUO1xpyGMKLSNfPJFMz8tWq/view?usp=sharing
https://www.pucnotes-solutions.com/1st-puc-computer-science,Model Paper-7,https://drive.google.com/file/d/1U3Imdrc6RH2tPNTKrMyjL5KYa9XVZfZi/view?usp=sharing
https://www.pucnotes-solutions.com/1st-puc-computer-science,Model Paper-2,https://drive.google.com/file/d/1xquROZIE_zXt6CuAGZIIBjtkpdWFq4vK/view?usp=sharing
https://www.pucnotes-solutions.com/1st-puc-computer-science,Model Paper-5,https://drive.google.com/file/d/1wZYYaZ1SBjRu7wNJRSBzCEXh9NaQWYrh/view?usp=sharing
https://www.pucnotes-solutions.com/1st-puc-computer-science,Model Paper-8,https://drive.google.com/file/d/1YT1kJpI-dB7lXut12iIGmkT5Hh5Ll8Fv/view?usp=sharing
https://www.pucnotes-solutions.com/1st-puc-computer-science,Model Paper-3,https://drive.google.com/file/d/1UoMa150oBvgfL-eEFNUnSabduGdhulnG/view?usp=sharing
https://www.pucnotes-solutions.com/1st-puc-computer-science,Model Paper-6,https://drive.google.com/file/d/15jDEf4iOJnrbN3u1GoM9Kx_JW5oAVtsC/view?usp=sharing
https://www.pucnotes-solutions.com/1st-puc-computer-science,Model Paper-9,https://drive.google.com/file/d/1PLBSZ78KV1Q_qjZw0rSDpviw7v9uW43T/view?usp=sharing
https://www.pucnotes-solutions.com/1st-puc-computer-science,Model Paper-10,https://drive.google.com/file/d/1_PbtdqUe3XBbJ0v4tLFJjA941BMfhycV/view?usp=sharing
https://www.pucnotes-solutions.com/1st-puc-computer-science,Questions,https://drive.google.com/file/d/1GbtxkMceWDjc1P3ep0QUQfRNjR4zzgkn/view?usp=sharing
https://www.pucnotes-solutions.com/1st-pu-notes-computer-science,Chapter-01,https://drive.google.com/file/d/1fvOatGjYLVzlRm-37PDc65yMyRISQR3E/view?usp=sharing
https://www.pucnotes-solutions.com/1st-pu-notes-computer-science,Chapter-02,https://drive.google.com/file/d/1gK3_7gpb3o-CKTz6Qixb581vy_YJm-tq/view?usp=sharing
https://www.pucnotes-solutions.com/1st-pu-notes-computer-science,Chapter-03,https://drive.google.com/file/d/1gLT500QdXfMPxGf3TpOAzEmxNfq3FJdO/view?usp=sharing
https://www.pucnotes-solutions.com/1st-pu-notes-computer-science,Chapter-04,https://drive.google.com/file/d/1gLnCdACp0Kj3pMPWIXnpNyRHLd5VdPOz/view?usp=sharing
https://www.pucnotes-solutions.com/1st-pu-notes-computer-science,Chapter-05,https://drive.google.com/file/d/1gRTH1k5glnOT__ENJnGRaC0brOae5QEJ/view?usp=sharing
https://www.pucnotes-solutions.com/1st-pu-notes-computer-science,Chapter-06,https://drive.google.com/file/d/1gShMRwe4hub03Vw3LUzMhafN67nbYcVc/view?usp=sharing
https://www.pucnotes-solutions.com/1st-pu-notes-computer-science,Chapter-07,https://drive.google.com/file/d/1gUkfgYcWfUTxnlAIZpwFFykHiAb7gtGe/view?usp=sharing
https://www.pucnotes-solutions.com/1st-pu-notes-computer-science,Chapter-08,https://drive.google.com/file/d/1gV2zal1qy6nVmESV-evOy0M5QNcP7z_N/view?usp=sharing
https://www.pucnotes-solutions.com/1st-pu-notes-computer-science,Chapter-09,https://drive.google.com/file/d/1gWV_DyO72l9FuC3023TSkgFKbbUvsrT1/view?usp=sharing
https://www.pucnotes-solutions.com/1st-pu-notes-computer-science,Chapter-10,https://drive.google.com/file/d/1fy_HLl_OVojfYhRJZ9KRHLYjIg8vbjIe/view?usp=sharing
https://www.pucnotes-solutions.com/1st-pu-notes-computer-science,Chapter-11,https://drive.google.com/file/d/1g0yW_eMDi2rBkiIUX1RPWI7_JebT5Hgg/view?usp=sharing
https://www.pucnotes-solutions.com/1st-pu-notes-computer-science,Chapter-12,https://drive.google.com/file/d/1g1OyLoTJizu2YnL3aW3goUFUwCTA59-0/view?usp=sharing
https://www.pucnotes-solutions.com/1st-pu-notes-computer-science,Chapter-13,https://drive.google.com/file/d/1g5nWM81J32T0-WnLlQ6zdwSilF7RRxu5/view?usp=sharing
https://www.pucnotes-solutions.com/1st-pu-notes-computer-science,Chapter-14,https://drive.google.com/file/d/1gCkE0Iix59BVQrDs94FoMCeR-mYIkulU/view?usp=sharing
https://www.pucnotes-solutions.com/1st-pu-notes-computer-science,Chapter-15,https://drive.google.com/file/d/1gDh6vUF3iFEmHyfRj9zNk9SMGRxtIUW7/view?usp=sharing
https://www.pucnotes-solutions.com/1st-pu-notes-computer-science,Chapter-16,https://drive.google.com/file/d/1gDrxybeCwIK3QVI6t5JCuePbMvveFbkt/view?usp=sharing
https://www.pucnotes-solutions.com/1st-pu-notes-computer-science,Chapter-17,https://drive.google.com/file/d/1gGUajFKS7Vu9L8eCU2_M_ay0UH_5hkez/view?usp=sharing
https://www.pucnotes-solutions.com/1st-pu-notes-electronics,Chapter-01,https://drive.google.com/file/d/15KS5sO7MwMU9ld5YCiQQplTcUwdqUOle/view?usp=sharing
https://www.pucnotes-solutions.com/1st-pu-notes-electronics,Chapter-05,https://drive.google.com/file/d/1VDGvVqv1_o9uB6MlWfEC2h0_YFD-9V3v/view?usp=sharing
https://www.pucnotes-solutions.com/1st-pu-notes-electronics,Chapter-02,https://drive.google.com/file/d/1iplN-Yu7914TmaFsEPKxSN59CCoEsPm6/view?usp=sharing
https://www.pucnotes-solutions.com/1st-pu-notes-electronics,Chapter-03,https://drive.google.com/file/d/15-m6eGJQKbfCJsD_AFzwj5AZijPpQzDK/view?usp=sharing
https://www.pucnotes-solutions.com/1st-pu-notes-electronics,Chapter-06,https://drive.google.com/file/d/1qj7YQSVFinNqA2Tv1Vh33fBmkKYveaVj/view?usp=sharing
https://www.pucnotes-solutions.com/1st-pu-notes-electronics,Chapter-07,https://drive.google.com/file/d/1GTnTT2D1-e8lPtyA8Umh6rELXYMjrYK2/view?usp=sharing
https://www.pucnotes-solutions.com/1st-pu-notes-electronics,Chapter-08,https://drive.google.com/file/d/1k5UhZCJ6jOHjonHa7itUH4pB9ffGuqKK/view?usp=sharing
https://www.pucnotes-solutions.com/1st-pu-notes-electronics,Chapter-09,https://drive.google.com/file/d/1aLhT2tHj5RpjUYcL1VNMK9I1dBfuulbr/view?usp=sharing
https://www.pucnotes-solutions.com/1st-puc-business-studies,Model Paper-1,https://drive.google.com/file/d/1rtUqxJJMLGdoqHgPX6StAlkKdz_YyBQm/view?usp=sharing
https://www.pucnotes-solutions.com/1st-puc-business-studies,Model Paper-4,https://drive.google.com/file/d/1TNQ1oq8qURUv6COpQGY15cRuwqo4E7ZM/view?usp=sharing
https://www.pucnotes-solutions.com/1st-puc-business-studies,Model Paper-7,https://drive.google.com/file/d/1DQwT5wCRisMyVZ3TPD86qLDj29fmAwyZ/view?usp=sharing
https://www.pucnotes-solutions.com/1st-puc-business-studies,Model Paper-2,https://drive.google.com/file/d/1wBR4tEYgzB_QA1UpvixbvLZVCqyX12qW/view?usp=sharing
https://www.pucnotes-solutions.com/1st-puc-business-studies,Model Paper-5,https://drive.google.com/file/d/1WN-S3YyWu-TnT1ZAJKQzyqs0e1vlwgyi/view?usp=sharing
https://www.pucnotes-solutions.com/1st-puc-business-studies,Model Paper-8,https://drive.google.com/file/d/1uraqTxz0OdKdzikna4FCAa8kgDzih8nG/view?usp=sharing
https://www.pucnotes-solutions.com/1st-puc-business-studies,Model Paper-3,https://drive.google.com/file/d/1aMRc_uCREqL7Mw8TgCRSFz4A4DxITF07/view?usp=sharing
https://www.pucnotes-solutions.com/1st-puc-business-studies,Model Paper-6,https://drive.google.com/file/d/1v8mJbxBl0gflMzdmvVP6s3uGyff5yMRx/view?usp=sharing
https://www.pucnotes-solutions.com/1st-puc-business-studies,Model Paper-9,https://drive.google.com/file/d/1lJAMT_OzjX-pvJ_JZsTT-qPRxhQKfTWf/view?usp=sharing
https://www.pucnotes-solutions.com/1st-puc-business-studies,Model Paper-10,https://drive.google.com/file/d/1M3vGGuRV3rGusQGKKZeBSSe8170euu2Z/view?usp=sharing
https://www.pucnotes-solutions.com/1st-puc-business-studies,2020 question paper,https://drive.google.com/file/d/1Xe7mb0dC80xSXKgo-bfbXsbPKxDy7ijy/view?usp=sharing
https://www.pucnotes-solutions.com/1st-puc-business-studies,Questions,https://drive.google.com/file/d/1RLth88Ytop-Qgki6YDqoVCAa5qDmNyxg/view?usp=sharing
https://www.pucnotes-solutions.com/1st-puc-business-studies,Midterm Paper 1,https://drive.google.com/file/d/1O-lsN-zUnQY4Gq83-_jpUmIGLEB9MIov/view?usp=sharing
https://www.pucnotes-solutions.com/1st-pu-notes-statistics,Chapter-01,https://drive.google.com/file/d/191c7fDcnlp0nfrEmHAEzaTLI6wV9QxqP/view?usp=sharing
https://www.pucnotes-solutions.com/1st-pu-notes-statistics,Chapter-02,https://drive.google.com/file/d/1956j6bXNGoaFvqi2JFnDsbZVsDuWO9Xj/view?usp=sharing
https://www.pucnotes-solutions.com/1st-pu-notes-statistics,Chapter-03,https://drive.google.com/file/d/199jf8YTWqTcA0DtQHChZZQStWh-PmWnP/view?usp=sharing
https://www.pucnotes-solutions.com/1st-pu-notes-statistics,Chapter-04,https://drive.google.com/file/d/19Gz47cbBtePhGCMDrzu_O1RgqbbVmA1k/view?usp=sharing
https://www.pucnotes-solutions.com/1st-pu-notes-statistics,Chapter-05,https://drive.google.com/file/d/19NLQ9EJ7nYDZu4HPZMxmhKFzLGSeClHW/view?usp=sharing
https://www.pucnotes-solutions.com/1st-pu-notes-statistics,Chapter-06,https://drive.google.com/file/d/19OHcdR6VdSls4SWFyApjiLocTYXSQeFx/view?usp=sharing
https://www.pucnotes-solutions.com/1st-pu-notes-statistics,Chapter-07,https://drive.google.com/file/d/19RoUpskUcYGhEErCJzDSJITesdrZl8wy/view?usp=sharing
https://www.pucnotes-solutions.com/1st-pu-notes-statistics,Chapter-08,https://drive.google.com/file/d/19Sas0vpQ1TQQ6adc5wMEZqKsP_r4P8fY/view?usp=sharing
https://www.pucnotes-solutions.com/1st-pu-notes-statistics,Chapter-09,https://drive.google.com/file/d/19ZKuoTwaVadLXdLBoMsPm7CbC7l0UVIT/view?usp=sharing
https://www.pucnotes-solutions.com/1st-pu-notes-statistics,Chapter-10,https://drive.google.com/file/d/19cDsmHmj07KT_pircKJEM-JzN1JPanNH/view?usp=sharing
https://www.pucnotes-solutions.com/1st-puc-kannada,Model Paper-1,https://drive.google.com/file/d/16LYnBMi7K2GybqObZsf55QsSaPfVYG9N/view?usp=sharing
https://www.pucnotes-solutions.com/1st-puc-kannada,Model Paper-4,https://drive.google.com/file/d/14IH1zMTHTFQH6jbKUPk2IcKAw3AsWEiM/view?usp=sharing
https://www.pucnotes-solutions.com/1st-puc-kannada,Model Paper-7,https://drive.google.com/file/d/1u1CL70du67LtixNsuWMjN5wy26PZaeqn/view?usp=sharing
https://www.pucnotes-solutions.com/1st-puc-kannada,Model Paper-2,https://drive.google.com/file/d/1ZSNpiTJqFhDZFrwCYngD-UQCIk4veEKz/view?usp=sharing
https://www.pucnotes-solutions.com/1st-puc-kannada,Model Paper-5,https://drive.google.com/file/d/15EjSoRHuRj5P3QEup6m1-Yfx6QlBskC8/view?usp=sharing
https://www.pucnotes-solutions.com/1st-puc-kannada,Model Paper-8,https://drive.google.com/file/d/1bIscnfauNHD8JwKRmp2uMW_WL2Zejhza/view?usp=sharing
https://www.pucnotes-solutions.com/1st-puc-kannada,Model Paper-3,https://drive.google.com/file/d/18Vqb6Vu1wflSnqII9R9KfLr_RcvfPcp4/view?usp=sharing
https://www.pucnotes-solutions.com/1st-puc-kannada,Model Paper-6,https://drive.google.com/file/d/1wovm99o2wbhdRamogonhsAWaUSznZ_z7/view?usp=sharing
https://www.pucnotes-solutions.com/1st-puc-kannada,Model Paper-9,https://drive.google.com/file/d/1DFmBFSIBBrod-rmnF956uojE4mhutW-y/view?usp=sharing
https://www.pucnotes-solutions.com/1st-puc-kannada,Model Paper-10,https://drive.google.com/file/d/13IBz2-UJYisx7gz_bTLPRGeF9TcdE9Sx/view?usp=sharing
https://www.pucnotes-solutions.com/1st-puc-kannada,2020 question paper,https://drive.google.com/file/d/1B6tYD6m51ENOR-PNx_lReVY_qnamI9pe/view?usp=sharing
https://www.pucnotes-solutions.com/1st-puc-kannada,Questions,https://drive.google.com/file/d/1uKL_imylbhpw_d-EfK8aWqmnfeblTR4t/view?usp=sharing
https://www.pucnotes-solutions.com/1st-puc-kannada,Midterm Paper 1,https://drive.google.com/file/d/1hHrRAglQ5NKMoBplWDRR2AIG-sSw8i99/view?usp=sharing
https://www.pucnotes-solutions.com/1st-puc-kannada,Midterm Paper 2,https://drive.google.com/file/d/1KA7Dd_evJii6RzGnDB7zV5tsxsdAoeKR/view?usp=sharing
https://www.pucnotes-solutions.com/1st-puc-kannada,Midterm Paper 2,https://drive.google.com/file/d/1vsgsmrDkhwfEky4G18NHUuAs62SBRB0a/view?usp=sharing
https://www.pucnotes-solutions.com/2nd-puc-hindi,Model Paper-1,https://drive.google.com/file/d/1CWqxkXtJaBV_X1M3u1teU-2uJGdMiwaP/view?usp=sharing
https://www.pucnotes-solutions.com/2nd-puc-hindi,Model Paper-4,https://drive.google.com/file/d/15KWUDaaofj28vRgiAET-KaBphNdX-F2S/view?usp=sharing
https://www.pucnotes-solutions.com/2nd-puc-hindi,Model Paper-7,https://drive.google.com/file/d/1Ac4rE-SLkGDWFoT9WxcFg4iNTtJCeZHK/view?usp=sharing
https://www.pucnotes-solutions.com/2nd-puc-hindi,Model Paper-2,https://drive.google.com/file/d/1rMMl-Wn5QIDn3tEOhyljkHM8NN02Qnvf/view?usp=sharing
https://www.pucnotes-solutions.com/2nd-puc-hindi,Model Paper-5,https://drive.google.com/file/d/1SYO1fBcCOMyaDTLa2mqbuXAJBk2-NBvj/view?usp=sharing
https://www.pucnotes-solutions.com/2nd-puc-hindi,Model Paper-8,https://drive.google.com/file/d/1pzD3NmsKHEFhMwAwL0s6OBim31mWX7Xz/view?usp=sharing
https://www.pucnotes-solutions.com/2nd-puc-hindi,Model Paper-3,https://drive.google.com/file/d/1mfK52y7H7edGOvzynlVSNr7G5gKfrXTU/view?usp=sharing
https://www.pucnotes-solutions.com/2nd-puc-hindi,Model Paper-6,https://drive.google.com/file/d/13A7JQvyA94r1SD-bKJ1WBhv4HrtBqQRb/view?usp=sharing
https://www.pucnotes-solutions.com/2nd-puc-hindi,Model Paper-9,https://drive.google.com/file/d/1czgp-069Gyk8K6vDHRgf113VvLPWOk5R/view?usp=sharing
https://www.pucnotes-solutions.com/2nd-puc-hindi,Model Paper-10,https://drive.google.com/file/d/1oTLNuTYEDJFalDe_17RFPSXyM0lIAFgB/view?usp=sharing
https://www.pucnotes-solutions.com/2nd-puc-hindi,Questions,https://drive.google.com/file/d/1X8qo1tHP7vi2CPbrMVeFl8ey-ZSVOkcF/view?usp=sharing
https://www.pucnotes-solutions.com/1st-pu-notes-physics,Chapter-01,https://drive.google.com/file/d/10fUZ8r-Nuwo9Td5N28if-BUIxQq1sksD/view?usp=sharing
https://www.pucnotes-solutions.com/1st-pu-notes-physics,Chapter-02,https://drive.google.com/file/d/1cOD_U_3iotJar1bpZqeR2TxPh4Jd25vL/view?usp=sharing
https://www.pucnotes-solutions.com/1st-pu-notes-physics,Chapter-03,https://drive.google.com/file/d/1hxC4BCTG2MDdbCTuNKYzcXWU3eqArLgw/view?usp=sharing
https://www.pucnotes-solutions.com/1st-pu-notes-physics,Chapter-04,https://drive.google.com/file/d/1L3oVt9af1Nv_OkBT0iVT_2ZR-E65gK50/view?usp=sharing
https://www.pucnotes-solutions.com/1st-pu-notes-physics,Chapter-05,https://drive.google.com/file/d/1aDfwJTPVJHCOLmgJscSkEwWhtwqgd92G/view?usp=sharing
https://www.pucnotes-solutions.com/1st-pu-notes-physics,Chapter-06,https://drive.google.com/file/d/195kANu_RH7PXe2JQarPh55Pb7miRoXA_/view?usp=sharing
https://www.pucnotes-solutions.com/1st-pu-notes-physics,Chapter-07,https://drive.google.com/file/d/1tfEZC9wSujOQYMxSllYEfW6_4SlECjdH/view?usp=sharing
https://www.pucnotes-solutions.com/1st-pu-notes-physics,Chapter-08,https://drive.google.com/file/d/12H3Xz3O5XYqnH7Y5CEzZGgpegXKVrZfD/view?usp=sharing
https://www.pucnotes-solutions.com/1st-pu-notes-physics,Chapter-09,https://drive.google.com/file/d/1JrcG6_9gfxFbrk5FtBdiF_Yj4I1ikEoQ/view?usp=sharing
https://www.pucnotes-solutions.com/1st-pu-notes-physics,Chapter-10,https://drive.google.com/file/d/1vGybBe5i5kSABnbLf9g0kjKUeQEKS4Ab/view?usp=sharing
https://www.pucnotes-solutions.com/1st-pu-notes-physics,Chapter-11,https://drive.google.com/file/d/1WgTV0TmDbQsjBqLS3XVpH0wdeXcGIymK/view?usp=sharing
https://www.pucnotes-solutions.com/1st-pu-notes-physics,Chapter-12,https://drive.google.com/file/d/1lEunOp3cwo37fHfueWQQFdutPEpPpvJk/view?usp=sharing
https://www.pucnotes-solutions.com/1st-pu-notes-physics,Chapter-13,https://drive.google.com/file/d/1k7p5X8Dj_MEUQFAWmO2bW5OpRZkLDXJH/view?usp=sharing
https://www.pucnotes-solutions.com/1st-pu-notes-physics,Chapter-14,https://drive.google.com/file/d/1Ku10jsXhKPkn9nZQlhh0_t4URM5JMRQr/view?usp=sharing
https://www.pucnotes-solutions.com/1st-pu-notes-physics,Chapter-15,https://drive.google.com/file/d/1DSwcS1gThSPZWMM8GbKtWRFHYHG2vnuB/view?usp=sharing
https://www.pucnotes-solutions.com/2nd-pu-notes-kannada,Chapter-01,https://drive.google.com/file/d/1eZBEjvO8B4_ydxwiZaBDtKtluO0lfcNG/view?usp=sharing
https://www.pucnotes-solutions.com/2nd-pu-notes-kannada,Chapter-02,https://drive.google.com/file/d/19SfbVAX1sq3HTauPbR3pl2ueeGYlsD4Q/view?usp=sharing
https://www.pucnotes-solutions.com/2nd-pu-notes-kannada,Chapter-11,https://drive.google.com/file/d/18b15aGMOtP6T5FX-0msdhR8CobV3aNw4/view?usp=sharing
https://www.pucnotes-solutions.com/2nd-pu-notes-kannada,Chapter-12,https://drive.google.com/file/d/1SPqLK-sykDRToBQ1SL8RHBTt5W_KgKAD/view?usp=sharing
https://www.pucnotes-solutions.com/2nd-pu-notes-kannada,Chapter-03,https://drive.google.com/file/d/1hCaNPw1G8YWpPWNMP7ga6AGCk9jp8R5R/view?usp=sharing
https://www.pucnotes-solutions.com/2nd-pu-notes-kannada,Chapter-04,https://drive.google.com/file/d/1giPV_uGiPb-lc3eD2JzFJN54HFwMe0IS/view?usp=sharing
https://www.pucnotes-solutions.com/2nd-pu-notes-kannada,Chapter-05,https://drive.google.com/file/d/1azIUWaYqe2vPlBg3pWLXklkL8SOHvauV/view?usp=sharing
https://www.pucnotes-solutions.com/2nd-pu-notes-kannada,Chapter-06,https://drive.google.com/file/d/1NUf0b3UspO2SdncyRKuaCKqnkL1lrU3k/view?usp=sharing
https://www.pucnotes-solutions.com/2nd-pu-notes-kannada,Chapter-07,https://drive.google.com/file/d/1qS21wNsmIRMR0ZEGqm0SgQf_WClSw80c/view?usp=sharing
https://www.pucnotes-solutions.com/2nd-pu-notes-kannada,Chapter-08,https://drive.google.com/file/d/1TDCPKgXTqND88sXiKYZqtKaVzGuus5c6/view?usp=sharing
https://www.pucnotes-solutions.com/2nd-pu-notes-kannada,Chapter-13,https://drive.google.com/file/d/1XIXqNSRaaIksaoU5Ukvk08j0zvYf15c7/view?usp=sharing
https://www.pucnotes-solutions.com/2nd-pu-notes-kannada,Chapter-14,https://drive.google.com/file/d/1u91FgN4uWJhdJKYEmQDxNZjRXu8W1wl-/view?usp=sharing
https://www.pucnotes-solutions.com/2nd-pu-notes-kannada,Chapter-15,https://drive.google.com/file/d/1J1h8lhvjJ3xvkXL_M0GOat9RlHXqAWVC/view?usp=sharing
https://www.pucnotes-solutions.com/2nd-pu-notes-kannada,Chapter-16,https://drive.google.com/file/d/1ZSNi4K_YyRBxMKXabipL6fslf1Nerad_/view?usp=sharing
https://www.pucnotes-solutions.com/2nd-pu-notes-kannada,Chapter-17,https://drive.google.com/file/d/1KvQyTtIpKmJTBk6VPYh0FdD7chtXmTG1/view?usp=sharing
https://www.pucnotes-solutions.com/2nd-pu-notes-kannada,Chapter-18,https://drive.google.com/file/d/1J26CIzDt5IE9Q8GdeV4_loi4KxZZhRnu/view?usp=sharing
https://www.pucnotes-solutions.com/2nd-pu-notes-kannada,Chapter-09,https://drive.google.com/file/d/1_Mb2yosUgKaFc0R9mbBXgtUg-JHFdMwh/view?usp=sharing
https://www.pucnotes-solutions.com/2nd-pu-notes-kannada,Chapter-10,https://drive.google.com/file/d/1UP6zEZH_00CSlKMFurXIApSFfTesdLw7/view?usp=sharing
https://www.pucnotes-solutions.com/2nd-pu-notes-kannada,Chapter-19,https://drive.google.com/file/d/1YIYeP237xddGr52XCyX0oB5z_wZuF6W7/view?usp=sharing
https://www.pucnotes-solutions.com/2nd-pu-notes-kannada,Chapter-20,https://drive.google.com/file/d/1uvctpwomrx1qoF6v0wcMj3RHJp1PK6o_/view?usp=sharing
https://www.pucnotes-solutions.com/2nd-pu-notes-kannada,Chapter-21,https://drive.google.com/file/d/11T0Zc6hAYc1n4pvhWx_akofIUuRcXi1q/view?usp=sharing
https://www.pucnotes-solutions.com/2nd-pu-notes-accountancy,Chapter-01,https://drive.google.com/file/d/1YeXgqC63GvAXss9hWwRuCTozMfmt1w_h/view?usp=sharing
https://www.pucnotes-solutions.com/2nd-pu-notes-accountancy,Chapter-02,https://drive.google.com/file/d/1WmLsz-5Cz5JUk3j8LX_aDkANwFhVHrEJ/view?usp=sharing
https://www.pucnotes-solutions.com/2nd-pu-notes-accountancy,Chapter-03,https://drive.google.com/file/d/19qRj1shW_I_TEqiwy_jg9qVDTPip5A-y/view?usp=sharing
https://www.pucnotes-solutions.com/2nd-pu-notes-accountancy,Chapter-04,https://drive.google.com/file/d/1T4mCZ3JnDtAPFcrmL5iTtfEPC4Ho4YtG/view?usp=sharing
https://www.pucnotes-solutions.com/2nd-pu-notes-accountancy,Chapter-05,https://drive.google.com/file/d/1WkWWcYV_Uzr_3IJKVrz9tcdsLdPwFYuT/view?usp=sharing
https://www.pucnotes-solutions.com/2nd-pu-notes-accountancy,Chapter-01,https://drive.google.com/file/d/1IoRiBmt0j_MtZhHjAzxamWRjpeJKRs3_/view?usp=sharing
https://www.pucnotes-solutions.com/2nd-pu-notes-accountancy,Chapter-04,https://drive.google.com/file/d/16iim6X7bA2e6G9Qi4HZ45g1AkPBx6AA9/view?usp=sharing
https://www.pucnotes-solutions.com/2nd-pu-notes-accountancy,Chapter-02,https://drive.google.com/file/d/1pyPW-tl1YePK7tpp0BcIw6Ifpo3rcMp5/view?usp=sharing
https://www.pucnotes-solutions.com/2nd-pu-notes-accountancy,Chapter-03,https://drive.google.com/file/d/1ExR6l-4F6qwi3grKhOA0nReDHD_9u44M/view?usp=sharing
https://www.pucnotes-solutions.com/2nd-pu-notes-accountancy,Chapter-05,https://drive.google.com/file/d/1zF6oylibHagFUs8PXZgqZq91LjcGky-j/view?usp=sharing
https://www.pucnotes-solutions.com/2nd-pu-notes-accountancy,Chapter-06,https://drive.google.com/file/d/1Dkhxy9UWNiFxSqdQTIXgbdIvjzkHL77n/view?usp=sharing
https://www.pucnotes-solutions.com/1st-puc-economic,Model Paper-1,https://drive.google.com/file/d/10ou8UEIeMWHkyfbZ-Ili0c42zxZgDjoX/view?usp=sharing
https://www.pucnotes-solutions.com/1st-puc-economic,Model Paper-4,https://drive.google.com/file/d/1tZYOjENQL04tgD6ArUHCHo2X7IMtPCeB/view?usp=sharing
https://www.pucnotes-solutions.com/1st-puc-economic,Model Paper-7,https://drive.google.com/file/d/1WxuDMchKysg-8C4rrSbKKI-ABGycuQPH/view?usp=sharing
https://www.pucnotes-solutions.com/1st-puc-economic,Model Paper-2,https://drive.google.com/file/d/1xsjXuQ4N3q9gZ5px2K7pAJcCwk8rsUwb/view?usp=sharing
https://www.pucnotes-solutions.com/1st-puc-economic,Model Paper-5,https://drive.google.com/file/d/1b54QeQrZmrcKhidNGyIpjXMf8_dukIAL/view?usp=sharing
https://www.pucnotes-solutions.com/1st-puc-economic,Model Paper-8,https://drive.google.com/file/d/1lW3scHhcMjbe7wh6WTjBTz4LAI-klH-S/view?usp=sharing
https://www.pucnotes-solutions.com/1st-puc-economic,Model Paper-3,https://drive.google.com/file/d/1wkLq7_LvGrXtYSLvNmANAK8pmbxvnDwR/view?usp=sharing
https://www.pucnotes-solutions.com/1st-puc-economic,Model Paper-6,https://drive.google.com/file/d/1rRLVLZPWtNhOHJOycmZ8lTGzWfvlNeqG/view?usp=sharing
https://www.pucnotes-solutions.com/1st-puc-economic,Model Paper-9,https://drive.google.com/file/d/180bTPE4pDR7fK7pHyNRmhMPPjhqrmnzU/view?usp=sharing
https://www.pucnotes-solutions.com/1st-puc-economic,Model Paper-10,https://drive.google.com/file/d/1EyoSDm3d9D1vMaGnyYpQTSNJYkozSoNJ/view?usp=sharing
https://www.pucnotes-solutions.com/1st-puc-economic,2020 question paper,https://drive.google.com/file/d/1MJfwaHlOtX88AWQ0ofUZJh6uIvLPI2yP/view?usp=sharing
https://www.pucnotes-solutions.com/1st-puc-economic,Questions,https://drive.google.com/file/d/1zaRRTA0lSv4wPLeCRcJnn11NVhfC5CG0/view?usp=sharing
https://www.pucnotes-solutions.com/1st-puc-economic,Midterm Paper 1,https://drive.google.com/file/d/1Yjx3nSkEmuekAvmS45FlzVqGEDquRY-u/view?usp=sharing
https://www.pucnotes-solutions.com/2nd-pu-notes-electronics,Chapter-01,https://drive.google.com/file/d/1VUvJ1b0ra5RK8PLw_cHdbaAcfyEwPSre/view?usp=sharing
https://www.pucnotes-solutions.com/2nd-pu-notes-electronics,Chapter-02,https://drive.google.com/file/d/1SLck0jDAt2mz0FLIAWvN5AAtg8IjRiX8/view?usp=sharing
https://www.pucnotes-solutions.com/2nd-pu-notes-electronics,Chapter-07,https://drive.google.com/file/d/1Y5rx_th06GzmxFO7fQ9Lg7B97Y9QWm0d/view?usp=sharing
https://www.pucnotes-solutions.com/2nd-pu-notes-electronics,Chapter-08,https://drive.google.com/file/d/10_LbfbWevYyo3bJSrJPKE6nCunE_fpAf/view?usp=sharing
https://www.pucnotes-solutions.com/2nd-pu-notes-electronics,Chapter-03,https://drive.google.com/file/d/1ctfslSvdxuExPJcuxycdSWd9Xqb5gvWI/view?usp=sharing
https://www.pucnotes-solutions.com/2nd-pu-notes-electronics,Chapter-04,https://drive.google.com/file/d/1s-i9xvvW2rBE8WVlBego-1fdGQKN5Fp1/view?usp=sharing
https://www.pucnotes-solutions.com/2nd-pu-notes-electronics,Chapter-09,https://drive.google.com/file/d/1T0GD3fzGcppAwKGyYudNpkMMQ8vvXKrG/view?usp=sharing
https://www.pucnotes-solutions.com/2nd-pu-notes-electronics,Chapter-10,https://drive.google.com/file/d/1EFtr9AFHuCfBpxmjfQXbrE5nPFlk1wH6/view?usp=sharing
https://www.pucnotes-solutions.com/2nd-pu-notes-electronics,Chapter-05,https://drive.google.com/file/d/1ODvJ2aZGBBvAOJ_QVlo7HI7pV_5R1aiB/view?usp=sharing
https://www.pucnotes-solutions.com/2nd-pu-notes-electronics,Chapter-06,https://drive.google.com/file/d/1q2tT3Ylk3JJpq3O6Rufi5kws173dUhCN/view?usp=sharing
https://www.pucnotes-solutions.com/2nd-pu-notes-electronics,Chapter-11,https://drive.google.com/file/d/1lIGLoQhDIv4KCIW3YftfVGCFw0sbjlRY/view?usp=sharing
https://www.pucnotes-solutions.com/2nd-pu-notes-electronics,Chapter-12,https://drive.google.com/file/d/1BPbWuksDjkjuv9-3cQ2sshLdY0PUpysL/view?usp=sharing
https://www.pucnotes-solutions.com/2nd-pu-notes-electronics,Chapter-13,https://drive.google.com/file/d/14T5L2mwR_9LVcz7iKL-nyRLwW2F2oBBZ/view?usp=sharing
https://www.pucnotes-solutions.com/2nd-puc-mathematics,Model Paper-1,https://drive.google.com/file/d/1yC0rpTBOlMZwAOm49mCnszykrH2uQzku/view?usp=sharing
https://www.pucnotes-solutions.com/2nd-puc-mathematics,Model Paper-4,https://drive.google.com/file/d/1erbIWS-DhpDnrzBw1tRuU2EELyCVd4dA/view?usp=sharing
https://www.pucnotes-solutions.com/2nd-puc-mathematics,Model Paper-7,https://drive.google.com/file/d/1osyaUEwL6BALDftdMihYkYrsEXQ6dz6C/view?usp=sharing
https://www.pucnotes-solutions.com/2nd-puc-mathematics,Model Paper-2,https://drive.google.com/file/d/19XT1zP9d0MpV_zPEkM2tTscMhbo9ThHR/view?usp=sharing
https://www.pucnotes-solutions.com/2nd-puc-mathematics,Model Paper-5,https://drive.google.com/file/d/11s2VKwgSROB-whjh0L_HvPBfbiRLpNEt/view?usp=sharing
https://www.pucnotes-solutions.com/2nd-puc-mathematics,Model Paper-8,https://drive.google.com/file/d/1kBWhrwsrarYmx8QzoUxxN_PKrPQdRY7S/view?usp=sharing
https://www.pucnotes-solutions.com/2nd-puc-mathematics,Model Paper-3,https://drive.google.com/file/d/1hkOVG4beEYTwYZGRMWRWmKihUH3emT_s/view?usp=sharing
https://www.pucnotes-solutions.com/2nd-puc-mathematics,Model Paper-6,https://drive.google.com/file/d/1pfPAB2irBY0goxOjTxFhNYjid3qC1hKX/view?usp=sharing
https://www.pucnotes-solutions.com/2nd-puc-mathematics,Model Paper-9,https://drive.google.com/file/d/1vMkgoRg9x0baSrfM2pX2joY8QjoYzpMb/view?usp=sharing
https://www.pucnotes-solutions.com/2nd-puc-mathematics,Model Paper-10,https://drive.google.com/file/d/1sNNpaF_RQ14c2DuP4eJ9z5ia547uqVyd/view?usp=sharing
https://www.pucnotes-solutions.com/2nd-puc-mathematics,2022 question paper,https://drive.google.com/file/d/1pJfFNtQEeepC6Ms7V7JEGjhCjRFlPVUr/view?usp=sharing
https://www.pucnotes-solutions.com/2nd-puc-mathematics,2020 question paper,https://drive.google.com/file/d/1owMHVYCwSZdCsJED8YFgFymIq9qQa_T4/view?usp=sharing
https://www.pucnotes-solutions.com/2nd-puc-mathematics,2019 question paper,https://drive.google.com/file/d/1gcbk7evhq5d2gMMReJUGV6413tLInke2/view?usp=sharing
https://www.pucnotes-solutions.com/2nd-puc-mathematics,2018 question paper,https://drive.google.com/file/d/1LBIVET40RuNGpNwueCyYXPgPvGUUNXUs/view?usp=sharing
https://www.pucnotes-solutions.com/2nd-puc-mathematics,2017 question paper,https://drive.google.com/file/d/1zvfuFzZag-o035nXxf-7dja6xUNNqcSQ/view?usp=sharing
https://www.pucnotes-solutions.com/2nd-puc-mathematics,2016 question paper,https://drive.google.com/file/d/1zvfuFzZag-o035nXxf-7dja6xUNNqcSQ/view?usp=sharing
https://www.pucnotes-solutions.com/2nd-puc-mathematics,2015 question paper,https://drive.google.com/file/d/1aWGkPtcFc3ctaqW3ad4bOkio0aGiNUYu/view?usp=sharing
https://www.pucnotes-solutions.com/2nd-puc-mathematics,Solved paper-2015,https://drive.google.com/file/d/1wrH6Eu7ugtJQINGPfWTMzNTyyua5bOJe/view?usp=sharing
https://www.pucnotes-solutions.com/2nd-puc-mathematics,Solved paper-2018,https://drive.google.com/file/d/1z_onfFu-82kgzWiB4iWvwDKN_T5fPWAL/view?usp=sharing
https://www.pucnotes-solutions.com/2nd-puc-mathematics,Solved paper-2016,https://drive.google.com/file/d/17uX9Jen6236-RPLrgIiG7QC8jUXTImk9/view?usp=sharing
https://www.pucnotes-solutions.com/2nd-puc-mathematics,Solved paper-2019,https://drive.google.com/file/d/19AUMn1MT3u2JYaU5qjB1cULc4QNW117G/view?usp=sharing
https://www.pucnotes-solutions.com/2nd-puc-mathematics,Solved paper-2017,https://drive.google.com/file/d/1GDysAwGiqKXc3SF1OSkFmB6lhNMcitbv/view?usp=sharing
https://www.pucnotes-solutions.com/2nd-puc-mathematics,Solved paper-2020,https://drive.google.com/file/d/1_Pv3krJ6BYJJc01HIBSbR3dYG8BbJzy1/view?usp=sharing
https://www.pucnotes-solutions.com/2nd-puc-mathematics,Questions,https://drive.google.com/file/d/1evKO3sc8YWMuVbfueYR3QI753Jbw_Cmb/view?usp=sharing
https://www.pucnotes-solutions.com/2nd-puc-mathematics,Midterm Paper 1,https://drive.google.com/file/d/1sSoU9u0CUc1NJ4SFR6hoGMm-Gs6fuycV/view?usp=sharing
https://www.pucnotes-solutions.com/2nd-puc-mathematics,Midterm Paper 2,https://drive.google.com/file/d/1ksa9dRCj2mvQZuoXCMVfCeskcO0POhAd/view?usp=sharing
https://www.pucnotes-solutions.com/1st-puc-hindi,Model Paper-1,https://drive.google.com/file/d/13as-uTp-MU_1BJlO0HuHbIkOlvK6fJZY/view?usp=sharing
https://www.pucnotes-solutions.com/1st-puc-hindi,Model Paper-4,https://drive.google.com/file/d/1--XpBI52w2VReL8fAXKCusJX0w0yDcff/view?usp=sharing
https://www.pucnotes-solutions.com/1st-puc-hindi,Model Paper-7,https://drive.google.com/file/d/1nEcVM03QhoIvlVs8e0egWFcD2vLbdMPI/view?usp=sharing
https://www.pucnotes-solutions.com/1st-puc-hindi,Model Paper-2,https://drive.google.com/file/d/1wVb4sVI9H-HaMdG-wymDOvg2e0MzBKwN/view?usp=sharing
https://www.pucnotes-solutions.com/1st-puc-hindi,Model Paper-5,https://drive.google.com/file/d/19FJ6-qcRbkomkkNHpcrqTXOkeLlACYMo/view?usp=sharing
https://www.pucnotes-solutions.com/1st-puc-hindi,Model Paper-8,https://drive.google.com/file/d/1oE4Npx_-3Y8-YfWdvC6Zo5gzOZ38ypg1/view?usp=sharing
https://www.pucnotes-solutions.com/1st-puc-hindi,Model Paper-3,https://drive.google.com/file/d/1FjWOiQJdFpBg7bTRsYNAFTv0sZrmTinC/view?usp=sharing
https://www.pucnotes-solutions.com/1st-puc-hindi,Model Paper-6,https://drive.google.com/file/d/14v28YC4l5fCgtqADo77p5dJbRKEb4OB_/view?usp=sharing
https://www.pucnotes-solutions.com/1st-puc-hindi,Model Paper-9,https://drive.google.com/file/d/1in4McuPNAplLQWjTra83T9sTOju1-X04/view?usp=sharing
https://www.pucnotes-solutions.com/1st-puc-hindi,Model Paper-10,https://drive.google.com/file/d/1v3ndRPHtBLNe4_4CPBU1UZigP9DE7vT3/view?usp=sharing
https://www.pucnotes-solutions.com/1st-puc-hindi,Questions,https://drive.google.com/file/d/1o4AVVnBDaq0Te-pMmUlL_OdxXDILiviR/view?usp=sharing
https://www.pucnotes-solutions.com/1st-pu-notes-chemistry,Chapter-01,https://drive.google.com/file/d/1xijhQBDbTVsaHodqrIa6BbpSLDWR556O/view?usp=sharing
https://www.pucnotes-solutions.com/1st-pu-notes-chemistry,Chapter-02,https://drive.google.com/file/d/1tNZsK_HX3wKhCnXebECF8Mu9Xr-DENwE/view?usp=sharing
https://www.pucnotes-solutions.com/1st-pu-notes-chemistry,Chapter-03,https://drive.google.com/file/d/1dBgBgBjPnbB_ylvIwRHzKww8m1dhvx0M/view?usp=sharing
https://www.pucnotes-solutions.com/1st-pu-notes-chemistry,Chapter-08,https://drive.google.com/file/d/1DVtojQNEg1ODPaQinBZ8yBtnuBgCZfhx/view?usp=sharing
https://www.pucnotes-solutions.com/1st-pu-notes-chemistry,Chapter-09,https://drive.google.com/file/d/178dI_bnjp_s5LvVMPpN-s2BgW194ls2h/view?usp=sharing
https://www.pucnotes-solutions.com/1st-pu-notes-chemistry,Chapter-10,https://drive.google.com/file/d/1-wiM5zGXkRiav1kBKlVrTnaE3LKJihXv/view?usp=sharing
https://www.pucnotes-solutions.com/1st-pu-notes-chemistry,Chapter-04,https://drive.google.com/file/d/1Cy6IYzeIahVY8uy360VykdGoFKddW2xV/view?usp=sharing
https://www.pucnotes-solutions.com/1st-pu-notes-chemistry,Chapter-05,https://drive.google.com/file/d/1yeUkJcB1sSCb8dSE4ez7sCuPZ23Z9r9K/view?usp=sharing
https://www.pucnotes-solutions.com/1st-pu-notes-chemistry,Chapter-11,https://drive.google.com/file/d/1A3a7o0dWKyIB8JfnG_yk4kekU0K0BWXT/view?usp=sharing
https://www.pucnotes-solutions.com/1st-pu-notes-chemistry,Chapter-12,https://drive.google.com/file/d/1_NkKE50yY8g3FKY76RnT6g_ARzaKCnif/view?usp=sharing
https://www.pucnotes-solutions.com/1st-pu-notes-chemistry,Chapter-06,https://drive.google.com/file/d/11JhTkGVzWv_T4bxs6A5kdGwC6Yw8ziSC/view?usp=sharing
https://www.pucnotes-solutions.com/1st-pu-notes-chemistry,Chapter-07,https://drive.google.com/file/d/1NUV2kHU4Mp6Ei8laeiSAhXxzWsDdLna4/view?usp=sharing
https://www.pucnotes-solutions.com/1st-pu-notes-chemistry,Chapter-13,https://drive.google.com/file/d/10JA4eJJocbApc1ONK5umNDX2zsLth0Zu/view?usp=sharing
https://www.pucnotes-solutions.com/1st-pu-notes-chemistry,Chapter-14,https://drive.google.com/file/d/1Q00DhR3x94lOh_juIcOERqBD7jztGxhJ/view?usp=sharing
https://www.pucnotes-solutions.com/1st-pu-notes-history,Chapter-01,https://drive.google.com/file/d/19f08tWg6BT9HZe1Z-lm1bQqESljqisXz/view?usp=sharing
https://www.pucnotes-solutions.com/1st-pu-notes-history,Chapter-02,https://drive.google.com/file/d/19fozBgGSbif-t4l8oDhijiX0rXY9WSap/view?usp=sharing
https://www.pucnotes-solutions.com/1st-pu-notes-history,Chapter-03,https://drive.google.com/file/d/19hPUD-pjPp0GsiPV--hzfkesORL-0721/view?usp=sharing
https://www.pucnotes-solutions.com/1st-pu-notes-history,Chapter-04,https://drive.google.com/file/d/19hWG2RMkJWHNn2tAW8i9tNaL20YR7Hk1/view?usp=sharing
https://www.pucnotes-solutions.com/1st-pu-notes-history,Chapter-05,https://drive.google.com/file/d/19mn57iJUH8dWqM7kZ84oBqRYJq7T3ht-/view?usp=sharing
https://www.pucnotes-solutions.com/1st-pu-notes-history,Chapter-06,https://drive.google.com/file/d/19rQVYnyyH_-XXkgF0iUEA1yunIB8iQKA/view?usp=sharing
https://www.pucnotes-solutions.com/1st-pu-notes-history,Chapter-07,https://drive.google.com/file/d/19sYS0DotisUTXAO1ppGOKGhSmjBmQloV/view?usp=sharing
https://www.pucnotes-solutions.com/1st-pu-notes-history,Chapter-08,https://drive.google.com/file/d/19tQWAUrSeEHTJr1Iu60eHC5z1Omik7lW/view?usp=sharing
https://www.pucnotes-solutions.com/1st-pu-notes-history,Chapter-09,https://drive.google.com/file/d/19w7hHK1z2E1gHv2C2w0FnQ388GYWGKY9/view?usp=sharing
https://www.pucnotes-solutions.com/1st-pu-notes-history,Chapter-10,https://drive.google.com/file/d/1A3opm3ETPngJgEjmbLb9LFaIkkvBcu4T/view?usp=sharing
https://www.pucnotes-solutions.com/1st-pu-notes-history,Chapter-11,https://drive.google.com/file/d/1A8qJXzgQZpTr9T8pE1x5V1yjEfTE6-SY/view?usp=sharing
https://www.pucnotes-solutions.com/1st-pu-notes-history,Chapter-12,https://drive.google.com/file/d/1AYLC_VZ8MQeNP5T75IkDQS9obb7GcJGr/view?usp=sharing
https://www.pucnotes-solutions.com/kcet-solved-papers,KCET 2014,https://drive.google.com/file/d/1-tgtIh6iOyBSkWSRFjtVMl9Q9pQE-BPk/view?usp=sharing
https://www.pucnotes-solutions.com/kcet-solved-papers,KCET 2016,https://drive.google.com/file/d/1-zNwcbklQ-2bMOMkkO-HHsFQvf4ZdDmv/view?usp=sharing
https://www.pucnotes-solutions.com/kcet-solved-papers,KCET 2018,https://drive.google.com/file/d/104w3T6PN0sChABCFB4zFSD0xGknMrxzg/view?usp=sharing
https://www.pucnotes-solutions.com/kcet-solved-papers,KCET 2020,https://drive.google.com/file/d/16rEksHEOGq4K4DQDpTFyXJjKNXMPpWgq/view?usp=sharing
https://www.pucnotes-solutions.com/kcet-solved-papers,KCET 2015,https://drive.google.com/file/d/1-wnWsrEp9PQH9KP3-_c8crKPijQ6YG71/view?usp=sharing
https://www.pucnotes-solutions.com/kcet-solved-papers,KCET 2017,https://drive.google.com/file/d/10-JyogP5MN9aofOUQX15ixRv0nhJkCBt/view?usp=sharing
https://www.pucnotes-solutions.com/kcet-solved-papers,KCET 2019,https://drive.google.com/file/d/16qqB_vgu-9ZzaytHzj1utjcMpYx5tmzF/view?usp=sharing
https://www.pucnotes-solutions.com/kcet-solved-papers,KCET 2021,https://drive.google.com/file/d/15vLtq65kjM5OoeV4Fg5qopc7TIbdKI6N/view?usp=sharing
https://www.pucnotes-solutions.com/kcet-solved-papers,KCET 2022,https://drive.google.com/file/d/15zpFnQeWw5rBFjmKXQEq6mg8kpwscJxX/view?usp=sharing
https://www.pucnotes-solutions.com/kcet-question-papers,KCET 2014,https://drive.google.com/file/d/15YK7Y3QWOsrwcVYj6LU-VQLbs8KihlL-/view?usp=sharing
https://www.pucnotes-solutions.com/kcet-question-papers,KCET 2016,https://drive.google.com/file/d/15im_Cc7aw7OXRPOCTdeNoznZo0iy8Bos/view?usp=sharing
https://www.pucnotes-solutions.com/kcet-question-papers,KCET 2018,https://drive.google.com/file/d/15m0-X_Li6Q9okFYShjyoX7L0FljNGWOc/view?usp=sharing
https://www.pucnotes-solutions.com/kcet-question-papers,KCET 2020,https://drive.google.com/file/d/15ton_3E0Fj_VgLBtqnkutu945RX4mv4K/view?usp=sharing
https://www.pucnotes-solutions.com/kcet-question-papers,KCET 2015,https://drive.google.com/file/d/15a8kXAHikq_MmedrW73QGoVGvd3KMl5o/view?usp=sharing
https://www.pucnotes-solutions.com/kcet-question-papers,KCET 2017,https://drive.google.com/file/d/15jHruzIdCawdQzK20tpG0uAQMuDR-XLr/view?usp=sharing
https://www.pucnotes-solutions.com/kcet-question-papers,KCET 2019,https://drive.google.com/file/d/15mi7nsGT_VrL6U_cBbWVa-6fQueW7zf7/view?usp=sharing
https://www.pucnotes-solutions.com/kcet-question-papers,KCET 2021,https://drive.google.com/file/d/15vLtq65kjM5OoeV4Fg5qopc7TIbdKI6N/view?usp=sharing
https://www.pucnotes-solutions.com/kcet-question-papers,KCET 2022,https://drive.google.com/file/d/15zpFnQeWw5rBFjmKXQEq6mg8kpwscJxX/view?usp=sharing
https://www.pucnotes-solutions.com/2nd-pu-notes-business-studies,Chapter-01,https://drive.google.com/file/d/1wGQ4AGTIBKBUKHXVB6wbkvSQemHN0IFk/view?usp=sharing
https://www.pucnotes-solutions.com/2nd-pu-notes-business-studies,Chapter-02,https://drive.google.com/file/d/15svjFfl7ymYBCIJ_E5pdZ4pqO8LxzB61/view?usp=sharing
https://www.pucnotes-solutions.com/2nd-pu-notes-business-studies,Chapter-03,https://drive.google.com/file/d/1sd9YDCk8gS1e44fIA5CQ0WFF13ecR7jH/view?usp=sharing
https://www.pucnotes-solutions.com/2nd-pu-notes-business-studies,Chapter-04,https://drive.google.com/file/d/1xsaKioPzRCpBIGTKXyiAPfkOAweZcs12/view?usp=sharing
https://www.pucnotes-solutions.com/2nd-pu-notes-business-studies,Chapter-05,https://drive.google.com/file/d/1h0kdp2JxeWFs9WwbfMrMxMrycuuIrjQc/view?usp=sharing
https://www.pucnotes-solutions.com/2nd-pu-notes-business-studies,Chapter-06,https://drive.google.com/file/d/1uEBWEMrq0TJnjqCZFudYQ7xEc8rWFT7X/view?usp=sharing
https://www.pucnotes-solutions.com/2nd-pu-notes-business-studies,Chapter-07,https://drive.google.com/file/d/11eLR3gPCyl72oiO7ISYbVkS6VbMtJ6aK/view?usp=sharing
https://www.pucnotes-solutions.com/2nd-pu-notes-business-studies,Chapter-08,https://drive.google.com/file/d/1tj9k9d5G0maOUAFEkHnl2VWPO1s2kUdW/view?usp=sharing
https://www.pucnotes-solutions.com/2nd-pu-notes-business-studies,Chapter-09,https://drive.google.com/file/d/1RqIAQiOd2Wpi5cqkYSO0mIvgZ1kgsPbf/view?usp=sharing
https://www.pucnotes-solutions.com/2nd-pu-notes-business-studies,Chapter-10,https://drive.google.com/file/d/12YE80PUg6wsYBYrx_zU7Skp1rRouDNGZ/view?usp=sharing
https://www.pucnotes-solutions.com/2nd-pu-notes-business-studies,Chapter-11,https://drive.google.com/file/d/1gVDQrNWZaTTsG6xBhBwp31t_VYp1x-5k/view?usp=sharing
https://www.pucnotes-solutions.com/2nd-pu-notes-business-studies,Chapter-12,https://drive.google.com/file/d/179he81zDMD1Usf92pVweWZ5Nl0fnfGjY/view?usp=sharing
https://www.pucnotes-solutions.com/2nd-pu-notes-business-studies,Chapter-13,https://drive.google.com/file/d/1AzOwA5BaHPOktljNha8x47ANElAvjuta/view?usp=sharing
https://www.pucnotes-solutions.com/2nd-pu-notes-biology,Chapter-01,https://drive.google.com/file/d/1hJ-QFJAfQQnwy1ctFWvTApcjPQMIdhh1/view?usp=sharing
https://www.pucnotes-solutions.com/2nd-pu-notes-biology,Chapter-02,https://drive.google.com/file/d/1RLwU7ePAMo4YSaOXfXE2ZwQoK8uivrin/view?usp=sharing
https://www.pucnotes-solutions.com/2nd-pu-notes-biology,Chapter-03,https://drive.google.com/file/d/1daBq1xmx_9zNM2BFWzRnB3SGFecrVYwM/view?usp=sharing
https://www.pucnotes-solutions.com/2nd-pu-notes-biology,Chapter-04,https://drive.google.com/file/d/140iWcyOkFdRiV_0Sz96P1mE-34szYvtQ/view?usp=sharing
https://www.pucnotes-solutions.com/2nd-pu-notes-biology,Chapter-05,https://drive.google.com/file/d/1_3QcAElrC6-mXMUZzd5inuWHJ-OKvUqD/view?usp=sharing
https://www.pucnotes-solutions.com/2nd-pu-notes-biology,Chapter-06,https://drive.google.com/file/d/1wcqNPDz8bNSCWCv6gFYit21lEoHXihrd/view?usp=sharing
https://www.pucnotes-solutions.com/2nd-pu-notes-biology,Chapter-07,https://drive.google.com/file/d/1JyVAx73y_9aKh7ftftFY60hhsrAxC1bR/view?usp=sharing
https://www.pucnotes-solutions.com/2nd-pu-notes-biology,Chapter-08,https://drive.google.com/file/d/1x7X9CbJvFviob4w5mNebIwEiq86sgcDG/view?usp=sharing
https://www.pucnotes-solutions.com/2nd-pu-notes-biology,Chapter-09,https://drive.google.com/file/d/14wzCxhmYSeThaJlosda9cAbiPZwIse53/view?usp=sharing
https://www.pucnotes-solutions.com/2nd-pu-notes-biology,Chapter-10,https://drive.google.com/file/d/11IFALXIy2vHzla-bPzTPer2ehL2fVLKi/view?usp=sharing
https://www.pucnotes-solutions.com/2nd-pu-notes-biology,Chapter-11,https://drive.google.com/file/d/1XpH9ForJWmn0Z81je52jJGO92UZItpeF/view?usp=sharing
https://www.pucnotes-solutions.com/2nd-pu-notes-biology,Chapter-12,https://drive.google.com/file/d/1CUygA73THAJtGb8iRBd00NDFudOuGQT6/view?usp=sharing
https://www.pucnotes-solutions.com/2nd-pu-notes-biology,Chapter-13,https://drive.google.com/file/d/1PKorCMRyFzTFkKs_Al9d_Yzz7kxS4N91/view?usp=sharing
https://www.pucnotes-solutions.com/2nd-pu-notes-biology,Chapter-14,https://drive.google.com/file/d/1GL_WRAdMrVGoioSJvkUsGdYX1wQZsY1M/view?usp=sharing
https://www.pucnotes-solutions.com/2nd-pu-notes-biology,Chapter-15,https://drive.google.com/file/d/11goqWvWHYMoz8NqzNeYdjC0vQvm-SOY0/view?usp=sharing
https://www.pucnotes-solutions.com/2nd-pu-notes-biology,Chapter-16,https://drive.google.com/file/d/12cwNL8qmacT4jMgW5CHDGkj2fsGQ5SEL/view?usp=sharing
https://www.pucnotes-solutions.com/2nd-puc-statistics,Model Paper-1,https://drive.google.com/file/d/10MIcmO2oha6gQYJGe5KO5t18BsOQhhc7/view?usp=sharing
https://www.pucnotes-solutions.com/2nd-puc-statistics,Model Paper-4,https://drive.google.com/file/d/1ErnzmVhhl80Tfh_Z86We4cPxKoH32wxq/view?usp=sharing
https://www.pucnotes-solutions.com/2nd-puc-statistics,Model Paper-7,https://drive.google.com/file/d/1ta21KE9VWWi-2gwzZ5fG80bMnkWYv359/view?usp=sharing
https://www.pucnotes-solutions.com/2nd-puc-statistics,Model Paper-2,https://drive.google.com/file/d/11ge7s3vsz39wzwNdKA9TrGeoWYcdwVyr/view?usp=sharing
https://www.pucnotes-solutions.com/2nd-puc-statistics,Model Paper-5,https://drive.google.com/file/d/1KOFr8zVX7uJAGeeBBWsDxk69OHl2z5MS/view?usp=sharing
https://www.pucnotes-solutions.com/2nd-puc-statistics,Model Paper-8,https://drive.google.com/file/d/14XR5JroXW2hzi-VR3-dbGxafpnkS6-VV/view?usp=sharing
https://www.pucnotes-solutions.com/2nd-puc-statistics,Model Paper-3,https://drive.google.com/file/d/1vHxhPFfXrX9oyvm_WAIZtDi3h2ARXpgh/view?usp=sharing
https://www.pucnotes-solutions.com/2nd-puc-statistics,Model Paper-6,https://drive.google.com/file/d/1mkP7eSnAvwk4h8dXkJjl61extdyZz-3u/view?usp=sharing
https://www.pucnotes-solutions.com/2nd-puc-statistics,Model Paper-9,https://drive.google.com/file/d/1lBNKJlPXvCZlXUF05txfTDjDHEMhSvZ6/view?usp=sharing
https://www.pucnotes-solutions.com/2nd-puc-statistics,Model Paper-10,https://drive.google.com/file/d/1RU4GJ_vYYCU9pC7GBcwStGgy_s6fVIHw/view?usp=sharing
https://www.pucnotes-solutions.com/2nd-puc-statistics,Questions,https://drive.google.com/file/d/12EKY1xG9dYhGuC-e8SGD5g7rAex_i1SB/view?usp=sharing
https://www.pucnotes-solutions.com/2nd-puc-biology,Model Paper-1,https://drive.google.com/file/d/1C04n2oYjiSh-RzurZbRiWXxbZygll9hk/view?usp=sharing
https://www.pucnotes-solutions.com/2nd-puc-biology,Model Paper-4,https://drive.google.com/file/d/1Vzl6-dHdAeCUaCDIW2ZLGtegJVb3m-sp/view?usp=sharing
https://www.pucnotes-solutions.com/2nd-puc-biology,Model Paper-7,https://drive.google.com/file/d/1llFnwL-ZBMGPwuSsKHH1IAhO6R7Fd-i7/view?usp=sharing
https://www.pucnotes-solutions.com/2nd-puc-biology,Model Paper-2,https://drive.google.com/file/d/1wuyNVNfDxNoYtWXbvtK6g27kh0tF43PM/view?usp=sharing
https://www.pucnotes-solutions.com/2nd-puc-biology,Model Paper-5,https://drive.google.com/file/d/1ulmf8xtoNQQEx-b153NAyqPjPGx-T6_G/view?usp=sharing
https://www.pucnotes-solutions.com/2nd-puc-biology,Model Paper-8,https://drive.google.com/file/d/1fh9SKMZJePnNNGRtq8lWYADLNGT5MsVM/view?usp=sharing
https://www.pucnotes-solutions.com/2nd-puc-biology,Model Paper-3,https://drive.google.com/file/d/1wAO0jqaugjzxBtUvppppDQlH3NSOiQ5e/view?usp=sharing
https://www.pucnotes-solutions.com/2nd-puc-biology,Model Paper-6,https://drive.google.com/file/d/1aNBkFen7IQ_4RRXsaj9mKg58f9WRwqrj/view?usp=sharing
https://www.pucnotes-solutions.com/2nd-puc-biology,Model Paper-9,https://drive.google.com/file/d/1_I-90vPG2dya8dS7XYr8KLmgFaRM-GuL/view?usp=sharing
https://www.pucnotes-solutions.com/2nd-puc-biology,Model Paper-10,https://drive.google.com/file/d/1e9rfYWxQ7cNn1-8f4NS5mWP4KmiQmBMh/view?usp=sharing
https://www.pucnotes-solutions.com/2nd-puc-biology,2022 question paper,https://drive.google.com/file/d/1FEb3u5sDInTKIidMXa2qaosUJInScoK6/view?usp=sharing
https://www.pucnotes-solutions.com/2nd-puc-biology,2020 question paper,https://drive.google.com/file/d/1ctUMIQhKL5qG8UmcQC4JD1ns-fTxGniE/view?usp=sharing
https://www.pucnotes-solutions.com/2nd-puc-biology,2019 question paper,https://drive.google.com/file/d/1WR5gPEXU5dpo0ez4HsyLzUNzeRPJvslE/view?usp=sharing
https://www.pucnotes-solutions.com/2nd-puc-biology,2018 question paper,https://drive.google.com/file/d/1cEe3Hpo_2jtSU3rIa7A0PxXd5IXVepEE/view?usp=sharing
https://www.pucnotes-solutions.com/2nd-puc-biology,2017 question paper,https://drive.google.com/file/d/10noYmpKSqSh5B_-7j7TC56fA4VsYJML4/view?usp=sharing
https://www.pucnotes-solutions.com/2nd-puc-biology,2016 question paper,https://drive.google.com/file/d/1sbE7wUjZ9LmNG5TB_SmTNV9TmzSZMyL6/view?usp=sharing
https://www.pucnotes-solutions.com/2nd-puc-biology,2015 question paper,https://drive.google.com/file/d/1ZqywGV22fRUVJMbSZivFcw7o16frnx0q/view?usp=sharing
https://www.pucnotes-solutions.com/2nd-puc-biology,Solved paper-2015,https://drive.google.com/file/d/1MA9-LASe4ErvP57zKJ-Bqfjba-q7km2v/view?usp=sharing
https://www.pucnotes-solutions.com/2nd-puc-biology,Solved paper-2016,https://drive.google.com/file/d/1tRohqTlF-LpwsFx3firisWWXRTG2U7rZ/view?usp=sharing
https://www.pucnotes-solutions.com/2nd-puc-biology,Solved paper-2017,https://drive.google.com/file/d/1brjo9-Tzws2n8oW5jCWo7bkYUK2tL1GU/view?usp=sharing
https://www.pucnotes-solutions.com/2nd-puc-biology,Solved paper-2018,https://drive.google.com/file/d/1-GdNpB94MUeU4EfytfMzxL4RAZZCAdvV/view?usp=sharing
https://www.pucnotes-solutions.com/2nd-puc-biology,Solved paper-2019,https://drive.google.com/file/d/1okZV2f1dUjow1JIeST5Zt6pBqdbe_IDO/view?usp=sharing
https://www.pucnotes-solutions.com/2nd-puc-biology,Solved paper-2020,https://drive.google.com/file/d/1otZf4fx2wZOvxCnw5xv_c46Pj_OHUv3Y/view?usp=sharing
https://www.pucnotes-solutions.com/2nd-puc-biology,Questions,https://drive.google.com/file/d/1yD31Gad-7jBzQvG4Qn5iHTwI8M5habjU/view?usp=sharing
https://www.pucnotes-solutions.com/2nd-puc-biology,Midterm Paper 1,https://drive.google.com/file/d/1qKBZvepCI1-yX8LFYYgTsklM9GClQ8w8/view?usp=sharing
https://www.pucnotes-solutions.com/2nd-puc-biology,Midterm Paper 2,https://drive.google.com/file/d/14Vwey_EEDIiVaryNyDFKMHN4QcBUvId2/view?usp=sharing
https://www.pucnotes-solutions.com/1st-puc-electronics,Model Paper-1,https://drive.google.com/file/d/1tPppY4umHS5Ee7oWuX_FVA4q48AbrlOd/view?usp=sharing
https://www.pucnotes-solutions.com/1st-puc-electronics,Model Paper-4,https://drive.google.com/file/d/1PbzwOdyTxLx-DzIMH4f99m-8fWHg21C0/view?usp=sharing
https://www.pucnotes-solutions.com/1st-puc-electronics,Model Paper-7,https://drive.google.com/file/d/1P9YonVBRORky6_mgRJXJhPEGQ7LHSZQC/view?usp=sharing
https://www.pucnotes-solutions.com/1st-puc-electronics,Model Paper-2,https://drive.google.com/file/d/1x3pS-vi0SyNdW918dqWVUINx4qKTOh_E/view?usp=sharing
https://www.pucnotes-solutions.com/1st-puc-electronics,Model Paper-5,https://drive.google.com/file/d/1clmT0PTNXFePXE9Lemd4wKQHmILBGkR7/view?usp=sharing
https://www.pucnotes-solutions.com/1st-puc-electronics,Model Paper-8,https://drive.google.com/file/d/1YLJyHKB3zq54-ujs4jsreCwM4eyAOWbQ/view?usp=sharing
https://www.pucnotes-solutions.com/1st-puc-electronics,Model Paper-3,https://drive.google.com/file/d/1y10x65DMC-m3kAA_HPmE9Xv-TnnCDfrv/view?usp=sharing
https://www.pucnotes-solutions.com/1st-puc-electronics,Model Paper-6,https://drive.google.com/file/d/1PbzwOdyTxLx-DzIMH4f99m-8fWHg21C0/view?usp=sharing
https://www.pucnotes-solutions.com/1st-puc-electronics,Model Paper-9,https://drive.google.com/file/d/1W-n0jYQWq-isfcVdandL_966R4iy3bzn/view?usp=sharing
https://www.pucnotes-solutions.com/1st-puc-electronics,Model Paper-10,https://drive.google.com/file/d/1WZ1STOhRG1XvEB7B6NqwleCjiMFFuilt/view?usp=sharing
https://www.pucnotes-solutions.com/1st-puc-electronics,Questions,https://drive.google.com/file/d/1nPcj6RD4zgOHspyoy-my-Gs0R096WeV0/view?usp=sharing
https://www.pucnotes-solutions.com/1st-pu-accountancy-notes,Chapter-01,https://drive.google.com/file/d/1Cxvdwc1iN5pH7zDORsk68wJSPfz4uvv2/view?usp=sharing
https://www.pucnotes-solutions.com/1st-pu-accountancy-notes,Chapter-02,https://drive.google.com/file/d/1D-OiftxiHIaqCI9fTlOFEPljo0_9nLME/view?usp=sharing
https://www.pucnotes-solutions.com/1st-pu-accountancy-notes,Chapter-07,https://drive.google.com/file/d/1DCiymeA4DKy1i6HQxqI7oTtp4xldMZ80/view?usp=sharing
https://www.pucnotes-solutions.com/1st-pu-accountancy-notes,Chapter-08,https://drive.google.com/file/d/1DFI0t-1E6c1NCXGL5Qeci7QOe1VQ15oC/view?usp=sharing
https://www.pucnotes-solutions.com/1st-pu-accountancy-notes,Chapter-03,https://drive.google.com/file/d/1EIv697iwabOhVL49rRjMf-0aNGHBS_ed/view?usp=sharing
https://www.pucnotes-solutions.com/1st-pu-accountancy-notes,Chapter-04,https://drive.google.com/file/d/1EYJ5OdkGsXHPZptKDsyPJ-Jl8OFn2WcN/view?usp=sharing
https://www.pucnotes-solutions.com/1st-pu-accountancy-notes,Chapter-05,https://drive.google.com/file/d/1D0AjvTATBJD0XEg02Yr1X_8MF0_DKm65/view?usp=sharing
https://www.pucnotes-solutions.com/1st-pu-accountancy-notes,Chapter-06,https://drive.google.com/file/d/1D6So4mkWz1qJ3Wx8VnLxXEuJwXffJK5U/view?usp=sharing
https://www.pucnotes-solutions.com/1st-pu-accountancy-notes,Chapter-09,https://drive.google.com/file/d/1DFnOna5Gk_api-ZL0SozHVzdLGyKXJ6k/view?usp=sharing
https://www.pucnotes-solutions.com/1st-pu-accountancy-notes,Chapter-10,https://drive.google.com/file/d/1DRThE1N6XfVyCpUmRn_6p8PeEZFPrZXH/view?usp=sharing
https://www.pucnotes-solutions.com/1st-pu-accountancy-notes,Chapter-11,https://drive.google.com/file/d/1DSHBpxRgijfVGYiC9kF37f27UdtQ5ohR/view?usp=sharing
https://www.pucnotes-solutions.com/1st-pu-accountancy-notes,Chapter-12,https://drive.google.com/file/d/1DeNFwnPNx-esEvUC_i0t5d__E3wxEN7d/view?usp=sharing
https://www.pucnotes-solutions.com/1st-pu-accountancy-notes,Chapter-13,https://drive.google.com/file/d/1DjPvPBAm3gS-dKEvFjIoDHNu2pQ7Hs1A/view?usp=sharing
https://www.pucnotes-solutions.com/2nd-puc-history,Model Paper-1,https://drive.google.com/file/d/14lCxOTc8W59ADJmlM-WPUKSEDgpOME8P/view?usp=sharing
https://www.pucnotes-solutions.com/2nd-puc-history,Model Paper-4,https://drive.google.com/file/d/1RDfv3J_igBc4o6Q1lb5r61Qj4iFllAby/view?usp=sharing
https://www.pucnotes-solutions.com/2nd-puc-history,Model Paper-2,https://drive.google.com/file/d/1YhezYUQPCZ_cNBD6AvWBN5d8Brvqs7jc/view?usp=sharing
https://www.pucnotes-solutions.com/2nd-puc-history,Model Paper-5,https://drive.google.com/file/d/17oOJ6a5hFjUQR9CdF0bvTcIy884Wqldh/view?usp=sharing
https://www.pucnotes-solutions.com/2nd-puc-history,Model Paper-3,https://drive.google.com/file/d/1jMj6jjy3wiFQXwgSIMDSXOEX4sPFYniZ/view?usp=sharing
https://www.pucnotes-solutions.com/2nd-puc-history,Model Paper-6,https://drive.google.com/file/d/1WkdpqaQ2TH-5gt8TcJyTsSylj5nSwZqF/view?usp=sharing
https://www.pucnotes-solutions.com/2nd-puc-history,Midterm Paper 1,https://drive.google.com/file/d/13R5gYGnls1fLfRj7rcq2aV5MX2y4BQcZ/view?usp=sharing
https://www.pucnotes-solutions.com/kcet-mock-papers,Physics,https://drive.google.com/file/d/16xdEsRBYd0Qr9i_dEl8vWVaWyp_tTv_n/view?usp=sharing
https://www.pucnotes-solutions.com/kcet-mock-papers,Mathematics,https://drive.google.com/file/d/16x5bzAeWa3Y9ra31cWfeHA5TiKSL07By/view?usp=sharing
https://www.pucnotes-solutions.com/kcet-mock-papers,Chemistry,https://drive.google.com/file/d/16wklnIDmWczC7WhZPKXpR2-Z_AZ-QhBv/view?usp=sharing
https://www.pucnotes-solutions.com/kcet-mock-papers,Biology,https://drive.google.com/file/d/16v_wB8K9-zCnuQKh0crry7wJ6HpKZ4-q/view?usp=sharing
https://www.pucnotes-solutions.com/2ndpuctextbookdownload,Physics part2,https://pue.karnataka.gov.in/storage/pdf-files/20tb.pdf
https://www.pucnotes-solutions.com/2ndpuctextbookdownload,Computer Science,https://pue.karnataka.gov.in/storage/pdf-files/8tb.pdf
https://www.pucnotes-solutions.com/2ndpuctextbookdownload,Chemistry part1,https://pue.karnataka.gov.in/storage/pdf-files/7tb.pdf
https://www.pucnotes-solutions.com/2ndpuctextbookdownload,Chemistry part2,https://pue.karnataka.gov.in/storage/pdf-files/6tb.pdf
https://www.pucnotes-solutions.com/2ndpuctextbookdownload,Biology,https://pue.karnataka.gov.in/storage/pdf-files/3tb.pdf
https://www.pucnotes-solutions.com/2ndpuctextbookdownload,Economics part1,https://pue.karnataka.gov.in/storage/pdf-files/18tb.pdf
https://www.pucnotes-solutions.com/2ndpuctextbookdownload,Economics part2,https://pue.karnataka.gov.in/storage/pdf-files/17tb.pdf
https://www.pucnotes-solutions.com/2ndpuctextbookdownload,Business studies part1,https://pue.karnataka.gov.in/storage/pdf-files/4tb.pdf
https://www.pucnotes-solutions.com/2ndpuctextbookdownload,Business studies part2,https://pue.karnataka.gov.in/storage/pdf-files/5tb.pdf
https://www.pucnotes-solutions.com/2ndpuctextbookdownload,History,https://pue.karnataka.gov.in/storage/pdf-files/11tb.pdf
https://www.pucnotes-solutions.com/2ndpuctextbookdownload,Statistics,https://pue.karnataka.gov.in/storage/pdf-files/14tb.pdf
https://www.pucnotes-solutions.com/2ndpuctextbookdownload,Computer science,https://pue.karnataka.gov.in/storage/pdf-files/8tb.pdf
https://www.pucnotes-solutions.com/2ndpuctextbookdownload,English,https://drive.google.com/file/d/0B5WLdFVMntmtR3IxMHd4OXdRMFE/view
https://www.pucnotes-solutions.com/2ndpuctextbookdownload,Hindi,https://pue.karnataka.gov.in/storage/pdf-files/10tb.pdf
https://www.pucnotes-solutions.com/2ndpuctextbookdownload,Kannada,https://drive.google.com/file/d/0B5WLdFVMntmtR3JVVnc0cW9VWm8/view
https://www.pucnotes-solutions.com/1st-pu-notes-english,Chapter-01,https://drive.google.com/file/d/1IzSEwNx0TT6tEKcjE_GCfWW2jzHtzx4u/view?usp=sharing
https://www.pucnotes-solutions.com/1st-pu-notes-english,Chapter-02,https://drive.google.com/file/d/18ERazZ7X7cQxfS--YprfQab0_P6v2eAw/view?usp=sharing
https://www.pucnotes-solutions.com/1st-pu-notes-english,Chapter-08,https://drive.google.com/file/d/1Lhx8jKSTopv8vQ_po4k_xJnG_EmfSCB_/view?usp=sharing
https://www.pucnotes-solutions.com/1st-pu-notes-english,Chapter-09,https://drive.google.com/file/d/13dFyArnkaZfCkU3vkLRgpRSon1iFLxJH/view?usp=sharing
https://www.pucnotes-solutions.com/1st-pu-notes-english,Chapter-03,https://drive.google.com/file/d/18wGBBoH1HSzIIdeHllzBNzPMl4mkKROJ/view?usp=sharing
https://www.pucnotes-solutions.com/1st-pu-notes-english,Chapter-04,https://drive.google.com/file/d/17SdXLX2ud52JhVMZSUCLVERwd4taXwkV/view?usp=sharing
https://www.pucnotes-solutions.com/1st-pu-notes-english,Chapter-05,https://drive.google.com/file/d/1qW4ItDiVwaxa5uBt8zfW4rmcIDaUP0ju/view?usp=sharing
https://www.pucnotes-solutions.com/1st-pu-notes-english,Chapter-06,https://drive.google.com/file/d/1iphMzpRT-HaAktuAxh7u3YeKZf8Dwd9w/view?usp=sharing
https://www.pucnotes-solutions.com/1st-pu-notes-english,Chapter-10,https://drive.google.com/file/d/16ypq7gEm4keR-MphURJKjmMK1HdfPAAm/view?usp=sharing
https://www.pucnotes-solutions.com/1st-pu-notes-english,Chapter-11,https://drive.google.com/file/d/1F5cCJGwiiAd6R_bFoVhxsbfa-iRPxure/view?usp=sharing
https://www.pucnotes-solutions.com/1st-pu-notes-english,Chapter-12,https://drive.google.com/file/d/1Xp1hzeG7KJc6GvaJpaBfe17nDHw99dvv/view?usp=sharing
https://www.pucnotes-solutions.com/1st-pu-notes-english,Chapter-13,https://drive.google.com/file/d/1ZKMegGaTlaUIB2F_CMUZ7xrhWJXAQCU0/view?usp=sharing
https://www.pucnotes-solutions.com/1st-pu-notes-english,Chapter-07,https://drive.google.com/file/d/12CTmgmbalW4u7qZji7-uT2BO1dsxWgY7/view?usp=sharing
https://www.pucnotes-solutions.com/2nd-puc-business-studies,Model Paper-1,https://drive.google.com/file/d/1LBDvlztsmzF4V2tXsVhRZwMNtY1NFC8B/view?usp=sharing
https://www.pucnotes-solutions.com/2nd-puc-business-studies,Model Paper-4,https://drive.google.com/file/d/1fXDQWWVd9QyhXOPD-xBS2SuTEYKyK2bm/view?usp=sharing
https://www.pucnotes-solutions.com/2nd-puc-business-studies,Model Paper-7,https://drive.google.com/file/d/1tFkp9KMaffWsPhvKIW1frDYfo1FzUW8e/view?usp=sharing
https://www.pucnotes-solutions.com/2nd-puc-business-studies,Model Paper-2,https://drive.google.com/file/d/1DUcLvNLPcxHRfi5Yuc9cZNUkqflP7g3n/view?usp=sharing
https://www.pucnotes-solutions.com/2nd-puc-business-studies,Model Paper-5,https://drive.google.com/file/d/1v97gDmgbF4F7crawmGQlAu9szTTU1ZeR/view?usp=sharing
https://www.pucnotes-solutions.com/2nd-puc-business-studies,Model Paper-8,https://drive.google.com/file/d/1pY7z8Z-dfUCxDYejoYa4kzhE8u1_XjKc/view?usp=sharing
https://www.pucnotes-solutions.com/2nd-puc-business-studies,Model Paper-3,https://drive.google.com/file/d/1vQizpt23TTAablw9ZCZWBOGM5GcFsVtn/view?usp=sharing
https://www.pucnotes-solutions.com/2nd-puc-business-studies,Model Paper-6,https://drive.google.com/file/d/1AdZl6DZkJyv8zxyw1YCzDeSQev8-DkWY/view?usp=sharing
https://www.pucnotes-solutions.com/2nd-puc-business-studies,Model Paper-9,https://drive.google.com/file/d/1PM3f69xPvDqUzy5FJ1lXfbkqWAeBUPPI/view?usp=sharing
https://www.pucnotes-solutions.com/2nd-puc-business-studies,Model Paper-10,https://drive.google.com/file/d/12Yib4Pf0rrO3MzTVZrDwHhYqAmGz5o8g/view?usp=sharing
https://www.pucnotes-solutions.com/2nd-puc-business-studies,Midterm Paper 1,https://drive.google.com/file/d/1iK8Mcq4O98wFSYW7E-BxLtzoVXKf5mzM/view?usp=sharing
https://www.pucnotes-solutions.com/2nd-pu-notes-economics,Chapter-01,https://drive.google.com/file/d/1qu7ctQJp0AadoU6gGrRK5e-IeQb9iP2U/view?usp=sharing
https://www.pucnotes-solutions.com/2nd-pu-notes-economics,Chapter-02,https://drive.google.com/file/d/1XhvejnpFZsA_yRqbAYejfpOUk3VrM_l8/view?usp=sharing
https://www.pucnotes-solutions.com/2nd-pu-notes-economics,Chapter-03,https://drive.google.com/file/d/1anZ2SdhXBthHU5A2-SPaPDtZj9sL-xHh/view?usp=sharing
https://www.pucnotes-solutions.com/2nd-pu-notes-economics,Chapter-04,https://drive.google.com/file/d/1TgpZ7EMF-EswZ0Q3JcuraBt2nMXR_uwf/view?usp=sharing
https://www.pucnotes-solutions.com/2nd-pu-notes-economics,Chapter-05,https://drive.google.com/file/d/1FFOw0fFhqgeJLJJx_1nhRCi55YMSSg4I/view?usp=sharing
https://www.pucnotes-solutions.com/2nd-pu-notes-economics,Chapter-06,https://drive.google.com/file/d/1Lz1P16fwh3yJZPmNtIRFZfnbA1rUU2se/view?usp=sharing
https://www.pucnotes-solutions.com/2nd-pu-notes-economics,Chapter-07,https://drive.google.com/file/d/13kgj5TMM7VOeMC3TQMgj7HFtjEV0CPzy/view?usp=sharing
https://www.pucnotes-solutions.com/2nd-pu-notes-economics,Chapter-08,https://drive.google.com/file/d/1asyTKMNA9PSP2rg5xEiCo90DwYsVmw0G/view?usp=sharing
https://www.pucnotes-solutions.com/2nd-pu-notes-economics,Chapter-09,https://drive.google.com/file/d/1erDlRz9M6LxJoAr0ielY5asr_3QxogZL/view?usp=sharing
https://www.pucnotes-solutions.com/2nd-pu-notes-economics,Chapter-10,https://drive.google.com/file/d/1Ldk4GBQL7zjFAUzybHw9P-Nx1ropxW3H/view?usp=sharing
https://www.pucnotes-solutions.com/2nd-pu-notes-economics,Chapter-11,https://drive.google.com/file/d/12PiwFPA2hWLDVgRAmlanl1JuAz4tg5U8/view?usp=sharing
https://www.pucnotes-solutions.com/2nd-pu-notes-economics,Chapter-12,https://drive.google.com/file/d/1ZC_0elNV89IDAR_IrlUtXXWO_upfbBej/view?usp=sharing
https://www.pucnotes-solutions.com/2nd-pu-notes-chemistry,Chapter-01,https://drive.google.com/file/d/1oUE24Sk7aVpMU0v-ovYpyICiWesGZDpA/view?usp=sharing
https://www.pucnotes-solutions.com/2nd-pu-notes-chemistry,Chapter-02,https://drive.google.com/file/d/1Vu3wuTYBcJfE82q-7MOeT70jUGjJ89IO/view?usp=sharing
https://www.pucnotes-solutions.com/2nd-pu-notes-chemistry,Chapter-09,https://drive.google.com/file/d/1czUDF6FX1rS12d7IOP4EH4kfK3eGmxm3/view?usp=sharing
https://www.pucnotes-solutions.com/2nd-pu-notes-chemistry,Chapter-10,https://drive.google.com/file/d/1_Os1qAkuPxBa5QMsK0A_9wWg_RvsGt8A/view?usp=sharing
https://www.pucnotes-solutions.com/2nd-pu-notes-chemistry,Chapter-03,https://drive.google.com/file/d/1DRjEw1RjD8wDU73Wvlveac9Z-PjoEVff/view?usp=sharing
https://www.pucnotes-solutions.com/2nd-pu-notes-chemistry,Chapter-04,https://drive.google.com/file/d/1o2alnqo1nGExj5pJO_RRh9Z3CCS4w6hB/view?usp=sharing
https://www.pucnotes-solutions.com/2nd-pu-notes-chemistry,Chapter-11,https://drive.google.com/file/d/1uA1IDCdB_FkCf3hYsJqHLMzF-N7fN3PI/view?usp=sharing
https://www.pucnotes-solutions.com/2nd-pu-notes-chemistry,Chapter-12,https://drive.google.com/file/d/1AOgXxj4h7w2ynuKeUrpJqHiXsE_9zMjN/view?usp=sharing
https://www.pucnotes-solutions.com/2nd-pu-notes-chemistry,Chapter-05,https://drive.google.com/file/d/1go97gx04Pg1BAyjFjNJ7jItT6fshdgUI/view?usp=sharing
https://www.pucnotes-solutions.com/2nd-pu-notes-chemistry,Chapter-06,https://drive.google.com/file/d/1RdcAm-sNM2Fu09pUrvOYuNpWnW34N_RE/view?usp=sharing
https://www.pucnotes-solutions.com/2nd-pu-notes-chemistry,Chapter-13,https://drive.google.com/file/d/103mfTaXrn_dIAkJeSBz9IISC_ShUeFEq/view?usp=sharing
https://www.pucnotes-solutions.com/2nd-pu-notes-chemistry,Chapter-14,https://drive.google.com/file/d/1FjeBB8tw9Tl_AXQDSE_olgH5d1WEXSz2/view?usp=sharing
https://www.pucnotes-solutions.com/2nd-pu-notes-chemistry,Chapter-07,https://drive.google.com/file/d/1ME075j3QCOx9eC-VhUFIUZHEAYtuTBOz/view?usp=sharing
https://www.pucnotes-solutions.com/2nd-pu-notes-chemistry,Chapter-15,https://drive.google.com/file/d/1MrqAgjCa5-OudyEV3kvTnGEzJVFSR0km/view?usp=sharing
https://www.pucnotes-solutions.com/2nd-pu-notes-chemistry,Chapter-08,https://drive.google.com/file/d/1MDcdv4_6Q_DKvJp2_fQ2wL9E97nsrZPA/view?usp=sharing
https://www.pucnotes-solutions.com/2nd-pu-notes-chemistry,Chapter-16,https://drive.google.com/file/d/1fr40re5_r-eyMT7RSTOXJs1iWECjJR2x/view?usp=sharing
https://www.pucnotes-solutions.com/2nd-puc-economics,Model Paper-1,https://drive.google.com/file/d/1c9kWA5ErkP_Pm5wUbl3cdkXVMDKY2R_D/view?usp=sharing
https://www.pucnotes-solutions.com/2nd-puc-economics,Model Paper-4,https://drive.google.com/file/d/1osS3bXVJm5fhuVcftdF4KxFLPDlJg9ZH/view?usp=sharing
https://www.pucnotes-solutions.com/2nd-puc-economics,Model Paper-7,https://drive.google.com/file/d/1lX72JCRjnmmBq27thOFZa6_DhidtpXOl/view?usp=sharing
https://www.pucnotes-solutions.com/2nd-puc-economics,Model Paper-2,https://drive.google.com/file/d/1V_hhQo8ECogCtA1iX7u6PXgPORSqFyk3/view?usp=sharing
https://www.pucnotes-solutions.com/2nd-puc-economics,Model Paper-5,https://drive.google.com/file/d/1G8Gui5C_ZEeDTfxkdPfHunY8nwx3c8bO/view?usp=sharing
https://www.pucnotes-solutions.com/2nd-puc-economics,Model Paper-8,https://drive.google.com/file/d/1SukAauWaelgev2V19LR87dQ0AONdu2Sl/view?usp=sharing
https://www.pucnotes-solutions.com/2nd-puc-economics,Model Paper-3,https://drive.google.com/file/d/1eFaJ5b2M0uWRzkwYQ9LlpZT4AZi2YPYt/view?usp=sharing
https://www.pucnotes-solutions.com/2nd-puc-economics,Model Paper-6,https://drive.google.com/file/d/137nZGc-8P7AlrVp_gi8_yGGq4O6p94yw/view?usp=sharing
https://www.pucnotes-solutions.com/2nd-puc-economics,Model Paper-9,https://drive.google.com/file/d/1JaH3JC6EdvTAooUFsKz5Xevw-2d1HgEB/view?usp=sharing
https://www.pucnotes-solutions.com/2nd-puc-economics,Model Paper-10,https://drive.google.com/file/d/1eFaJ5b2M0uWRzkwYQ9LlpZT4AZi2YPYt/view?usp=sharing
https://www.pucnotes-solutions.com/2nd-puc-economics,Midterm Paper 1,https://drive.google.com/file/d/1MGCQt6q2c2b8_BOmL-dd2DgTHgCfCBpK/view?usp=sharing
https://www.pucnotes-solutions.com/1st-puc-biology,Model Paper-1,https://drive.google.com/file/d/1a0stGgRfPajbJ8f8jRpVTj3Fe-vipB0d/view?usp=sharing
https://www.pucnotes-solutions.com/1st-puc-biology,Model Paper-4,https://drive.google.com/file/d/1Z9xlwTXuMDcdtw8sCogq9btHAb9mXwyY/view?usp=sharing
https://www.pucnotes-solutions.com/1st-puc-biology,Model Paper-7,https://drive.google.com/file/d/1lCWVGfOT7oIhxp4Qf_m5_zfONUveIiQ1/view?usp=sharing
https://www.pucnotes-solutions.com/1st-puc-biology,Model Paper-2,https://drive.google.com/file/d/1ih5xRyGFNySFEOjb4g9CdfqVZX0NTp3i/view?usp=sharing
https://www.pucnotes-solutions.com/1st-puc-biology,Model Paper-5,https://drive.google.com/file/d/1biIy3QE5KbXnVbC3fSjRsV8hOpqMCjOW/view?usp=sharing
https://www.pucnotes-solutions.com/1st-puc-biology,Model Paper-8,https://drive.google.com/file/d/1xND71L0-yo5oGddC9cONWs0mdMhVhMgg/view?usp=sharing
https://www.pucnotes-solutions.com/1st-puc-biology,Model Paper-3,https://drive.google.com/file/d/1zfK_uRUsuwKwQ5dyTnmbfWk_NN_VkVvz/view?usp=sharing
https://www.pucnotes-solutions.com/1st-puc-biology,Model Paper-6,https://drive.google.com/file/d/1BgSKAQ-p_zD3TYT7WNCVRIOEJgEyFkDw/view?usp=sharing
https://www.pucnotes-solutions.com/1st-puc-biology,Model Paper-9,https://drive.google.com/file/d/1hqqlq03PYUpj_beNYXGxOS9nJwFBz_2R/view?usp=sharing
https://www.pucnotes-solutions.com/1st-puc-biology,Model Paper-10,https://drive.google.com/file/d/1DZffIIyMqxyWjG_SzwneX0JdDXLctDN_/view?usp=sharing
https://www.pucnotes-solutions.com/1st-puc-biology,2020 question paper,https://drive.google.com/file/d/1TOZbSWkkANLfQ_xJueY3ZNNLRrtt7TjT/view?usp=sharing
https://www.pucnotes-solutions.com/1st-puc-biology,Questions,https://drive.google.com/file/d/1CYy1zicy5L0WWxX9rhcnmTON13oQWCjI/view?usp=sharing
https://www.pucnotes-solutions.com/1st-puc-biology,Midterm Paper 1,https://drive.google.com/file/d/1jm03aXI8KjD7a-ILcVwli8Qdyt1j6Ncp/view?usp=sharing
https://www.pucnotes-solutions.com/1st-puc-biology,Midterm Paper 2,https://drive.google.com/file/d/1SGF8HBSi2lB78XNI18IYyoMaoF_-MVSl/view?usp=sharing
https://www.pucnotes-solutions.com/2nd-pu-notes-hindi,Chapter-01,https://drive.google.com/file/d/1_l_7QzU36qViJgi7oe6wjo4hLJG0emUx/view?usp=sharing
https://www.pucnotes-solutions.com/2nd-pu-notes-hindi,Chapter-02,https://drive.google.com/file/d/1YTTrSJKXXEgSYZ8pIdEYGSZTdVctMA7H/view?usp=sharing
https://www.pucnotes-solutions.com/2nd-pu-notes-hindi,Chapter-11,https://drive.google.com/file/d/1GBIsdxF9zHwz5Nd_4zuXuE0Tb1R1hXpO/view?usp=sharing
https://www.pucnotes-solutions.com/2nd-pu-notes-hindi,Chapter-12,https://drive.google.com/file/d/1d_ZLnfy3cxOCKpgyWoLZw132se8pTJ42/view?usp=sharing
https://www.pucnotes-solutions.com/2nd-pu-notes-hindi,Chapter-03,https://drive.google.com/file/d/1zP0EyBTYcrLG_S3p4_OQIP6mqE87vCc-/view?usp=sharing
https://www.pucnotes-solutions.com/2nd-pu-notes-hindi,Chapter-13,https://drive.google.com/file/d/12fbklcCU18y-TmlaGVPSlpOIDaaTeunp/view?usp=sharing
https://www.pucnotes-solutions.com/2nd-pu-notes-hindi,Chapter-04,https://drive.google.com/file/d/1KVxvDB4xP__Lu-K4rQehU-d3L1uXr-81/view?usp=sharing
https://www.pucnotes-solutions.com/2nd-pu-notes-hindi,Chapter-05,https://drive.google.com/file/d/1vrPM53-DZO069kwJi85b2il_j0pzzVV1/view?usp=sharing
https://www.pucnotes-solutions.com/2nd-pu-notes-hindi,Chapter-14,https://drive.google.com/file/d/1b-LfsQ88VKRiHde9Kwa3bPs2NEUnVjPq/view?usp=sharing
https://www.pucnotes-solutions.com/2nd-pu-notes-hindi,Chapter-15,https://drive.google.com/file/d/1AMfMjtgrqJ-26Dg00mFKrP_QHrgfDAnz/view?usp=sharing
https://www.pucnotes-solutions.com/2nd-pu-notes-hindi,Chapter-06,https://drive.google.com/file/d/12PpihuNsd1GGodwP08zaWHRuAGLtILcM/view?usp=sharing
https://www.pucnotes-solutions.com/2nd-pu-notes-hindi,Chapter-07,https://drive.google.com/file/d/1FPkde-7t6gKMxPOQfI5rfugA76Vp6pXy/view?usp=sharing
https://www.pucnotes-solutions.com/2nd-pu-notes-hindi,Chapter-08,https://drive.google.com/file/d/1Yz5zWvqP1mClKq0Hun2aSAIuKyHvHPsa/view?usp=sharing
https://www.pucnotes-solutions.com/2nd-pu-notes-hindi,Chapter-16,https://drive.google.com/file/d/1l5S8DnT-dJ7Oru9zdSe3CU5l8Fz-97b1/view?usp=sharing
https://www.pucnotes-solutions.com/2nd-pu-notes-hindi,Chapter-17,https://drive.google.com/file/d/19YSVpV4ajcYP5WLgZ5_hs0trfjaBJTcr/view?usp=sharing
https://www.pucnotes-solutions.com/2nd-pu-notes-hindi,Chapter-18,https://drive.google.com/file/d/1tFcgfQGXQcvE4KAGGbGnakWJqYyDwGZg/view?usp=sharing
https://www.pucnotes-solutions.com/2nd-pu-notes-hindi,Chapter-09,https://drive.google.com/file/d/1oOjk3wVcCXGGAq9170D8kDVerqZHUMoj/view?usp=sharing
https://www.pucnotes-solutions.com/2nd-pu-notes-hindi,Chapter-19,https://drive.google.com/file/d/11QLfoS-CkHRT90UACa5FlzM3Ot6subf8/view?usp=sharing
https://www.pucnotes-solutions.com/2nd-pu-notes-hindi,Chapter-10,https://drive.google.com/file/d/1C6dISvHMrAbVkDasdWJv-lov5e7SKyWf/view?usp=sharing
https://www.pucnotes-solutions.com/2nd-pu-notes-hindi,Chapter-20,https://drive.google.com/file/d/15yg2ZYhuNZR8BmUexXtrWTLKNnjBmgZO/view?usp=sharing
https://www.pucnotes-solutions.com/1st-puc-accountancy-content,Model Paper-1,https://drive.google.com/file/d/1O43Hyqszpmf9eUKtx1O-tpQ-Mt_V4D4P/view?usp=sharing
https://www.pucnotes-solutions.com/1st-puc-accountancy-content,Model Paper-4,https://drive.google.com/file/d/1b2lNrt2CYgZ_h9fFSJQvTTArUg6KnFKY/view?usp=sharing
https://www.pucnotes-solutions.com/1st-puc-accountancy-content,Model Paper-7,https://drive.google.com/file/d/1-4b7JmzbBH77Gv_w_W8Ha9cnfwLyE6HV/view?usp=sharing
https://www.pucnotes-solutions.com/1st-puc-accountancy-content,Model Paper-2,https://drive.google.com/file/d/12ON0StP5khBtsHRwCkNJHavO5I4LwON_/view?usp=sharing
https://www.pucnotes-solutions.com/1st-puc-accountancy-content,Model Paper-5,https://drive.google.com/file/d/10D7DB4TRcmtTMo6d03CaiIJk3mnqWkRe/view?usp=sharing
https://www.pucnotes-solutions.com/1st-puc-accountancy-content,Model Paper-8,https://drive.google.com/file/d/1F3ydk88fqOgrXoyg7zEOEWGpWzuzw1K7/view?usp=sharing
https://www.pucnotes-solutions.com/1st-puc-accountancy-content,Model Paper-3,https://drive.google.com/file/d/1_t-ayE08koUyWCtEI48MbLxKpkqfAQee/view?usp=sharing
https://www.pucnotes-solutions.com/1st-puc-accountancy-content,Model Paper-6,https://drive.google.com/file/d/1_nEiYOZiEdtPFnBjNku0NrY48pIA8vyC/view?usp=sharing
https://www.pucnotes-solutions.com/1st-puc-accountancy-content,Model Paper-9,https://drive.google.com/file/d/1Ovn-GaIKsx2FbFWHnstdNg5biY6xm3M-/view?usp=sharing
https://www.pucnotes-solutions.com/1st-puc-accountancy-content,Model Paper-10,https://drive.google.com/file/d/1efwAR1dxAv5sXl5RVhD_xMm2H9yum7m_/view?usp=sharing
https://www.pucnotes-solutions.com/1st-puc-accountancy-content,2020 question paper,https://drive.google.com/file/d/1-4v5F7XhI3CHRo8yEBmMyUXeN0By7MkY/view?usp=sharing
https://www.pucnotes-solutions.com/1st-puc-accountancy-content,Questions,https://drive.google.com/file/d/1BH5NkrGhjOiDXLXlfRBLo86rAoanipDM/view?usp=sharing
https://www.pucnotes-solutions.com/1st-puc-accountancy-content,Midterm Paper 1,https://drive.google.com/file/d/1QTVfOf_DT7kI-bvQjXzQnS74Y_g0GGDj/view?usp=sharing
https://www.pucnotes-solutions.com/1st-puc-history,Model Paper-1,https://drive.google.com/file/d/1S2VZOTzvWN8GDn-W--gxb60Yq7mf-dvk/view?usp=sharing
https://www.pucnotes-solutions.com/1st-puc-history,Model Paper-4,https://drive.google.com/file/d/1Je15IGD_8JfQ6Dj6LV66hCAphb6_IwRr/view?usp=sharing
https://www.pucnotes-solutions.com/1st-puc-history,Model Paper-2,https://drive.google.com/file/d/1SsGM5URhMoVixaryL1vgWc_0cK7RN5B3/view?usp=sharing
https://www.pucnotes-solutions.com/1st-puc-history,Model Paper-5,https://drive.google.com/file/d/1SsGM5URhMoVixaryL1vgWc_0cK7RN5B3/view?usp=sharing
https://www.pucnotes-solutions.com/1st-puc-history,Model Paper-3,https://drive.google.com/file/d/1SOKmtENv5xrxkiQTVZb4dWCdRDZGhxTn/view?usp=sharing
https://www.pucnotes-solutions.com/1st-puc-history,Model Paper-6,https://drive.google.com/file/d/1SOKmtENv5xrxkiQTVZb4dWCdRDZGhxTn/view?usp=sharing
https://www.pucnotes-solutions.com/1st-puc-history,2020 question paper,https://drive.google.com/file/d/1h9OeVCI8StBABNnIX5DheLE3xBwJFgeC/view?usp=sharing
https://www.pucnotes-solutions.com/1st-puc-history,Midterm Paper 1,https://drive.google.com/file/d/1tU-6k-QiheqONka5Z8skxiWvcWQAu4e-/view?usp=sharing
https://www.pucnotes-solutions.com/1st-pu-notes-hindi,Chapter-01,https://drive.google.com/file/d/1sIQHWP3EVeuoJIbAkMCTXr1zbGGw9Jqp/view?usp=sharing
https://www.pucnotes-solutions.com/1st-pu-notes-hindi,Chapter-02,https://drive.google.com/file/d/1Z7DUkkSE9PjVuDqO2vD_D2Kpz1mZaDSP/view?usp=sharing
https://www.pucnotes-solutions.com/1st-pu-notes-hindi,Chapter-06,https://drive.google.com/file/d/1pDGsgzs659yHfBkoT7usGlimxuZfXfJH/view?usp=sharing
https://www.pucnotes-solutions.com/1st-pu-notes-hindi,Chapter-07,https://drive.google.com/file/d/1jW6NGqwOM-voAYqvD6ekMgRnxjSkxxFG/view?usp=sharing
https://www.pucnotes-solutions.com/1st-pu-notes-hindi,Chapter-03,https://drive.google.com/file/d/1ezXaUbvC3sjOemuOgaGhof5bKKJgednf/view?usp=sharing
https://www.pucnotes-solutions.com/1st-pu-notes-hindi,Chapter-04,https://drive.google.com/file/d/1A4O0WAV2wzxQqz5JMDf4aDDgPcYXj5yL/view?usp=sharing
https://www.pucnotes-solutions.com/1st-pu-notes-hindi,Chapter-08,https://drive.google.com/file/d/14vuRz6-FIB_IbJWEIAM0Ed1oCLE55jD2/view?usp=sharing
https://www.pucnotes-solutions.com/1st-pu-notes-hindi,Chapter-09,https://drive.google.com/file/d/1gKGYaq24x6SvT0wE-Qr4Ev_qLKYNr22p/view?usp=sharing
https://www.pucnotes-solutions.com/1st-pu-notes-hindi,Chapter-05,https://drive.google.com/file/d/1IO9U2LapbZV9j6O7psKkrqbHtmtsT6B3/view?usp=sharing
https://www.pucnotes-solutions.com/1st-pu-notes-hindi,आधुनिक कविता,https://drive.google.com/file/d/1RqqyFadN0-sFJ4zlNl0QCuOvJxVojkqX/view?usp=sharing
https://www.pucnotes-solutions.com/1st-pu-notes-hindi,Chapter-10,https://drive.google.com/file/d/19QaEubAn0cLP-MCMdsoHlDBb07kssvD2/view?usp=sharing
https://www.pucnotes-solutions.com/1st-pu-notes-hindi,मध्ययुगीन काव्य,https://drive.google.com/file/d/1qryTYt43z3trPao-5GX-sthUIrxouFfn/view?usp=sharing
https://www.pucnotes-solutions.com/1st-pu-notes-hindi,अपठित भाग,https://drive.google.com/file/d/12xY6e2qzB67WXLxocOe8wDinp1BsGHtE/view?usp=sharing
https://www.pucnotes-solutions.com/1st-pu-notes-biology,Chapter-01,https://drive.google.com/file/d/1zVPmRKXKu-FQqcEr6qH4YdyMJhZIceLe/view?usp=sharing
https://www.pucnotes-solutions.com/1st-pu-notes-biology,Chapter-02,https://drive.google.com/file/d/1fYToxiD0x-hUGY1fLnOfADWClAmCEBxL/view?usp=sharing
https://www.pucnotes-solutions.com/1st-pu-notes-biology,Chapter-03,https://drive.google.com/file/d/1ItkOWGWXg_s5sAuBQWrcto1-IoKpwq75/view?usp=sharing
https://www.pucnotes-solutions.com/1st-pu-notes-biology,Chapter-04,https://drive.google.com/file/d/11iCauaGmPbShP0AO3820sYOrSK-eGGn4/view?usp=sharing
https://www.pucnotes-solutions.com/1st-pu-notes-biology,Chapter-05,https://drive.google.com/file/d/1fJyEqvN8gkAWRypHRju2fp5NICdAmv-L/view?usp=sharing
https://www.pucnotes-solutions.com/1st-pu-notes-biology,Chapter-06,https://drive.google.com/file/d/1n4hLp8jRZ70x633e6D3t395_Q5gUPAnm/view?usp=sharing
https://www.pucnotes-solutions.com/1st-pu-notes-biology,Chapter-07,https://drive.google.com/file/d/1jbLlhYLabGF1Hya4HjYCMyTiCuuMVjcG/view?usp=sharing
https://www.pucnotes-solutions.com/1st-pu-notes-biology,Chapter-12,https://drive.google.com/file/d/1g9VfPEYB7pvLJ5p5tMLNu7wQ5PDvimHe/view?usp=sharing
https://www.pucnotes-solutions.com/1st-pu-notes-biology,Chapter-13,https://drive.google.com/file/d/1n6Yy6d9GuA4V4gLr8IJ0SClHjs9a1bqc/view?usp=sharing
https://www.pucnotes-solutions.com/1st-pu-notes-biology,Chapter-14,https://drive.google.com/file/d/169j2DAqBeJMSIldymu9EKzcKM90f6U91/view?usp=sharing
https://www.pucnotes-solutions.com/1st-pu-notes-biology,Chapter-15,https://drive.google.com/file/d/1j90KUq8kPYxYJurw6qyDzgJpZt4JWOIy/view?usp=sharing
https://www.pucnotes-solutions.com/1st-pu-notes-biology,Chapter-16,https://drive.google.com/file/d/1qP-zYMclbalh7F_9KPL6lMvKCQvgq7LF/view?usp=sharing
https://www.pucnotes-solutions.com/1st-pu-notes-biology,Chapter-17,https://drive.google.com/file/d/1DFSRuHlbS3v5IKxFDfHS6golHkiJtn6B/view?usp=sharing
https://www.pucnotes-solutions.com/1st-pu-notes-biology,Chapter-18,https://drive.google.com/file/d/1wWejyGMC5fOUygfYoMnUBzgjL6G1clvm/view?usp=sharing
https://www.pucnotes-solutions.com/1st-pu-notes-biology,Chapter-08,https://drive.google.com/file/d/12vXdrHBtXTwuL2aJ5USZO2GhrUH323gK/view?usp=sharing
https://www.pucnotes-solutions.com/1st-pu-notes-biology,Chapter-09,https://drive.google.com/file/d/1bnlu7dlH05s7k-1ujiyuauWrFGC2OB53/view?usp=sharing
https://www.pucnotes-solutions.com/1st-pu-notes-biology,Chapter-10,https://drive.google.com/file/d/1Uv0r4P_nWO4GbJ4fuMW8DYyM4dOQKWK7/view?usp=sharing
https://www.pucnotes-solutions.com/1st-pu-notes-biology,Chapter-11,https://drive.google.com/file/d/12WHa0Sr77nNKnsepek14TKCtLUJbJclc/view?usp=sharing
https://www.pucnotes-solutions.com/1st-pu-notes-biology,Chapter-19,https://drive.google.com/file/d/1g0p352dBayd9t6BXAlXlIYbRzKfZGj-4/view?usp=sharing
https://www.pucnotes-solutions.com/1st-pu-notes-biology,Chapter-20,https://drive.google.com/file/d/19jnzoR6unZRIeR6KRkUwbGLNElP5DokH/view?usp=sharing
https://www.pucnotes-solutions.com/1st-pu-notes-biology,Chapter-21,https://drive.google.com/file/d/1KST6LEx6np1h-3Vg9PbZaSpaYmzWqf0H/view?usp=sharing
https://www.pucnotes-solutions.com/1st-pu-notes-biology,Chapter-22,https://drive.google.com/file/d/106SuWWJV-7p4dp_uotBU8YtVlWzwLzo4/view?usp=sharing
https://www.pucnotes-solutions.com/2nd-puc-electronics,Model Paper-1,https://drive.google.com/file/d/1LRwFjNjrahtFFT8K-hrC8yww_WqApXma/view?usp=sharing
https://www.pucnotes-solutions.com/2nd-puc-electronics,Model Paper-4,https://drive.google.com/file/d/1XbLkMb0z-stBXkaie4UkmJj9Ap3NkQUV/view?usp=sharing
https://www.pucnotes-solutions.com/2nd-puc-electronics,Model Paper-7,https://drive.google.com/file/d/1nnkZrFNn111Q0DGqW7FVdRx4rMSlEFpu/view?usp=sharing
https://www.pucnotes-solutions.com/2nd-puc-electronics,Model Paper-2,https://drive.google.com/file/d/1dmyFabxuFfqu3Au8SKebur8BfpTh_YCC/view?usp=sharing
https://www.pucnotes-solutions.com/2nd-puc-electronics,Model Paper-5,https://drive.google.com/file/d/17TrStHondQ0gK07pEPvyokdw1_Dyrjuf/view?usp=sharing
https://www.pucnotes-solutions.com/2nd-puc-electronics,Model Paper-8,https://drive.google.com/file/d/1p_0GUPPUCDhBqoWwxYYND3c4C-oh-sHL/view?usp=sharing
https://www.pucnotes-solutions.com/2nd-puc-electronics,Model Paper-3,https://drive.google.com/file/d/1LwuEwzt5nc7dpD3uui1VfHTxPS5i_d0e/view?usp=sharing
https://www.pucnotes-solutions.com/2nd-puc-electronics,Model Paper-6,https://drive.google.com/file/d/1PSyp1-EqPGyo3XyleYLoTI6xv3tzxgvD/view?usp=sharing
https://www.pucnotes-solutions.com/2nd-puc-electronics,Model Paper-9,https://drive.google.com/file/d/1aCmYL_6Wxv25uS90lMaM2PWodMjithmB/view?usp=sharing
https://www.pucnotes-solutions.com/2nd-puc-electronics,Model Paper-10,https://drive.google.com/file/d/1m8c-aRc_nQ2XzoTE5YZWI_ImpPsfMamk/view?usp=sharing
https://www.pucnotes-solutions.com/2nd-puc-electronics,Questions,https://drive.google.com/file/d/1ur-1IYy5jOC-tn2-5M6TqXqrRaWP2S_U/view?usp=sharing
https://www.pucnotes-solutions.com/1st-puc-english,Model Paper-1,https://drive.google.com/file/d/1LIXlNT3JJUeLnQOO6a3p3CS1rD5Z-jmk/view?usp=sharing
https://www.pucnotes-solutions.com/1st-puc-english,Model Paper-4,https://drive.google.com/file/d/1tCxF0sHl-bE5fyuFWtxt9nll7UVepLXT/view?usp=sharing
https://www.pucnotes-solutions.com/1st-puc-english,Model Paper-7,https://drive.google.com/file/d/1mhP2IRE8iFuhG0CKtgL314iUd-CtbGTi/view?usp=sharing
https://www.pucnotes-solutions.com/1st-puc-english,Model Paper-2,https://drive.google.com/file/d/1ib6ZUEkGhld3AHR3qpYOqmucM7xVZtki/view?usp=sharing
https://www.pucnotes-solutions.com/1st-puc-english,Model Paper-5,https://drive.google.com/file/d/1SJBUWw8ihMcJHuN9KlAyVyJgObqFjroJ/view?usp=sharing
https://www.pucnotes-solutions.com/1st-puc-english,Model Paper-8,https://drive.google.com/file/d/1skwKPxT918YTue76xg0hPOui_8K_Q4cc/view?usp=sharing
https://www.pucnotes-solutions.com/1st-puc-english,Model Paper-3,https://drive.google.com/file/d/10HpEAxMBC837CgjTto1KvvHXuu7b9waU/view?usp=sharing
https://www.pucnotes-solutions.com/1st-puc-english,Model Paper-6,https://drive.google.com/file/d/12h3Sx64hgt44qDVH4ZQyzwjPjrnDPgg9/view?usp=sharing
https://www.pucnotes-solutions.com/1st-puc-english,Model Paper-9,https://drive.google.com/file/d/12gQilxhNma29jG7CQteL1qifI8rDZIUC/view?usp=sharing
https://www.pucnotes-solutions.com/1st-puc-english,Model Paper-10,https://drive.google.com/file/d/1VOZOKM3yDvx-bXv-Fr_EdjNhcRz1-ClU/view?usp=sharing
https://www.pucnotes-solutions.com/1st-puc-english,2020 question paper,https://drive.google.com/file/d/1ReYBHf_dYvONPCZsDIArFWszH8_xXWtZ/view?usp=sharing
https://www.pucnotes-solutions.com/1st-puc-english,Questions,https://drive.google.com/file/d/1rDzXKF97KvuioDu6a1GVFX6wFxDG8Wve/view?usp=sharing
https://www.pucnotes-solutions.com/1st-puc-english,Midterm Paper 1,https://drive.google.com/file/d/1dQDoLlsSIJJGiga3as4Bp9ezl3hJhyBf/view?usp=sharing
https://www.pucnotes-solutions.com/1st-puc-english,Midterm Paper 2,https://drive.google.com/file/d/1HqiV3sFJQsmztW-lQJaxIxhi_n3F4YKv/view?usp=sharing
https://www.pucnotes-solutions.com/1st-puc-english,Midterm Paper 3,https://drive.google.com/file/d/1Y_KZzV8MX6WXvxqyB0tOibyEcYoevo07/view?usp=sharing
